source,date_time_start,mergin_user,waterbody_id,camera_id,gps_id,gps_waypoint_id,gazetted_names,local_name,temperature_c,p_h,conductivity_m_s_cm,utm_zone,utm_easting,utm_northing,wetted_width_m,channel_width_m,wetted_width_m.channel_width_m_time,wetted_width_m_2,channel_width_m_2,wetted_width_m_2.channel_width_m_2_time,wetted_width_m_3,channel_width_m_3,wetted_width_m_3.channel_width_m_3_time,wetted_width_m_4,channel_width_m_4,wetted_width_m_4.channel_width_m_4_time,wetted_width_m_5,channel_width_m_5,wetted_width_m_5.channel_width_m_5_time,wetted_width_m_6,channel_width_m_6,wetted_width_m_6.channel_width_m_6_time,wetted_width_m_7,channel_width_m_7,wetted_width_m_7.channel_width_m_7_time,gradient_number_1_percent,gradient_number_1_percent_time,gradient_number_2_percent,gradient_number_2_percent_time,gradient,gradient_time,gradient_number_4_percent,gradient_number_4_percent_time,residual_pool_depth_m,residual_pool_depth_m_time,residual_pool_depth_m_2,residual_pool_depth_m_2_time,residual_pool_depth_m_3,residual_pool_depth_m_3_time,residual_pool_depth_m_4,residual_pool_depth_m_4_time,residual_pool_depth_m_5,residual_pool_depth_m_5_time,residual_pool_depth_m_6,residual_pool_depth_m_6_time,residual_pool_depth_m_7,residual_pool_depth_m_7_time,bankfull_depth_number_1_m,bankfull_depth_number_1_m_time,bankfull_depth_number_2_m,bankfull_depth_number_2_m_time,bankfull_depth_number_3_m,bankfull_depth_number_3_m_time,bankfull_depth_number_4_m,bankfull_depth_number_4_m_time,photo_gravel1,photo_pool1,photo_extra1,photo_extra2,photo_extra1_tag,photo_extra2_tag,reference_number,reach_number,site_number,stage,tributaries,turbidity,total_cover,small_woody_debris,large_woody_debris,boulders,undercut_banks,deep_pools,overhanging_vegetation,instream_vegetation,crown_closure,functional_lwd,lwd_distribution,instream_vegetation_type,l_bank_shape,l_bank_texture_dominant_1,l_bank_texture_dominant_2,l_bank_riparian_vegetation,l_bank_riparian_vegetation_stage,r_bank_shape,r_bank_texture_dominant_1,r_bank_texture_dominant_2,r_bank_riparian_vegetation,r_bank_riparian_vegetation_stage,bed_material_dominant,bed_material_subdominant,d95_cm,d_cm,morphology,channel_pattern,coupling,confinement,feature_type,feature_height_m,feature_length_m,comments,comments2,method_for_temperature,method_for_p_h,method_for_conductivity,utm_method,method_for_channel_width,method_for_wetted_width,method_for_gradient,method_for_residual_pool_depth,method_for_bankfull_depth,feature_height_length_method,avg_channel_width_m,avg_wetted_width_m,average_gradient_percent,average_residual_pool_depth_m,average_bankfull_depth_m,geom,surveyor_1,surveyor_2,surveyor_3,comments_2,feature_time,feature_type_2,feature_height_2_m,feature_length_2_m,feature_time_2,feature_type_3,feature_height_3_m,feature_length_3_m,feature_time_3,photo_gravel,photo_pool,photo_typical_1,photo_typical_2,photo_extra_1,photo_extra_1_tag,photo_extra_2,photo_extra_2_tag,gps_waypoint_number,site_length
form_fiss_site_202208282208.gpkg,NA,NA,00000BULK,NA,NA,NA,Robert Hatch,197912_us,12,8,283,9,670788,6046511,NA,NA,NA,NA,NA,NA,NA,NA,NA,NA,NA,NA,NA,NA,NA,NA,NA,NA,NA,NA,NA,NA,NA,NA,NA,NA,NA,NA,NA,NA,NA,NA,NA,NA,NA,NA,NA,NA,NA,NA,NA,NA,NA,NA,NA,NA,NA,NA,NA,NA,NA,NA,NA,NA,NA,NA,NA,3,0,3,NA,NA,Clear,abundant,sub-dominant,sub-dominant,none,sub-dominant,dominant,sub-dominant,sub-dominant,21-40%,few,evenly distributed,NA,undercut,fines,NA,shrubs,shrub,sloping,gravels,NA,shrubs,shrub,gravels,fines,NA,NA,NA,NA,NA,NA,beaver dam,1.2,NA,"High value habitat. Low densities of fish (not sure why). Abundant gravels, deep pools, undercut banks, and small woody debris. Extreme areas of algal growth. Cattle impacts extreme throughout.",NA,NA,pH meter (general),recording meter,NA,NA,NA,NA,NA,NA,metre stick,4.32,2.54,0.015,0.633333333333333,0.35,"c(670788, 6046511)",NA,NA,NA,NA,NA,NA,NA,NA,NA,NA,NA,NA,NA,NA,NA,NA,NA,NA,NA,NA,NA,NA,NA
form_fiss_site_202208282208.gpkg,2022-08-29 12:50:07,newgraph_airvine,NA,newgraph_airvine,newgraph_airvine,22,Perow Creek,197653_us2,12.8,8.1,230,9,665054.837964314,6045021.3106008,1.8,4.1,2022-08-29 12:57:52,2.8,5.6,2022-08-29 13:06:04,3.3,4.4,2022-08-29 13:23:48,2.1,4.5,2022-08-29 13:29:02,2.6,5.4,2022-08-29 13:34:06,1.8,4.4,2022-08-29 13:39:58,NA,NA,NA,3,2022-08-29 13:03:35,2.5,2022-08-29 13:32:46,5.5,2022-08-29 13:38:36,NA,NA,0.6,2022-08-29 13:12:58,0.6,2022-08-29 13:22:09,NA,NA,NA,NA,NA,NA,NA,NA,NA,NA,0.63,2022-08-29 13:15:43,0.44,2022-08-29 13:33:00,0.57,2022-08-29 13:41:23,NA,NA,NA,20220829_131324.jpg,20220829_131835.jpg,NA,Cottonwood bank,NA,NA,NA,NA,Low,NA,Clear,Moderate,S,S,D,S,S,S,N,1-20%,Few,Even,Moss,UC,NA,NA,Mixed,Mature forest ,Vertical,Cobbles,NA,Mixed,Mature,Cobble,Gravel,NA,NA,NA,NA,NA,NA,NA,NA,NA,NA,NA,NA,NA,NA,NA,NA,NA,NA,NA,NA,NA,NA,NA,NA,NA,NA,"c(665054.837964314, 6045021.3106008)",NA,NA,NA,NA,NA,NA,NA,NA,NA,NA,NA,NA,NA,NA,NA,NA,NA,NA,NA,NA,NA,NA,NA
form_fiss_site_202208282208.gpkg,2022-08-30 11:32:40,newgraph_airvine,NA,newgraph_airvine,newgraph_airvine,NA,Stock Creek,195943_us,NA,NA,NA,9,645436.6301261,6035069.1865291,1.3,2.6,2022-08-30 11:34:43,1.6,2.7,2022-08-30 11:41:29,1.7,3.1,2022-08-30 11:46:26,1.9,2.9,2022-08-30 11:51:53,2,3.1,2022-08-30 11:55:21,2.1,3,2022-08-30 12:03:22,1.6,4.1,2022-08-30 12:09:53,2,2022-08-30 11:41:15,2,2022-08-30 11:54:26,1.5,2022-08-30 12:03:11,3,2022-08-30 12:13:44,0.1,2022-08-30 11:37:13,0.18,2022-08-30 11:45:53,0.3,2022-08-30 11:48:36,0.3,2022-08-30 12:03:00,0.4,2022-08-30 12:29:26,NA,NA,NA,NA,0.6,2022-08-30 11:48:56,0.58,2022-08-30 11:57:23,0.53,2022-08-30 12:16:42,NA,NA,20220830_130510.jpg,20220830_130554.jpg,20220830_130611.jpg,20220830_130626.jpg,Typical_1,Typical_2,NA,NA,NA,NA,NA,Clear,NA,NA,NA,NA,NA,NA,NA,NA,NA,NA,NA,NA,NA,NA,NA,D,MF,NA,NA,NA,D,MF,cobble,boulder,NA,NA,NA,Sinous ,PC,OC,NA,NA,NA, Medium value habitat. Good flow volume and decent amount of complexity due to boulders and undercut banks. Some small pockets of gravel suitable for resident rainbow spawning and potential coho.   Occasional shallow pools and traces of large water debris. Channel appears to be constricted due to agricultural development on both sides of the stream. Water withdrawal is occurring as well.  More agricultural development encroaching on the riparian farther upstream. Survey link 330 m , Harry bell is the adjacent landowner downstream and upstream of the highway 16 culvert and the adjacent landowner for this assessment. He reports seeing Fish historically of size comparable to adult call Hall and steelhead in the stream.          ,NA,NA,NA,NA,NA,NA,NA,NA,NA,NA,NA,NA,NA,NA,NA,"c(645436.6301261, 6035069.1865291)",NA,NA,NA,NA,NA,NA,NA,NA,NA,NA,NA,NA,NA,NA,NA,NA,NA,NA,NA,NA,NA,NA,NA
form_fiss_site_202208282208.gpkg,2022-08-30 15:07:54,newgraph_airvine,NA,newgraph_airvine,newgraph_airvine,28,Stock Creek,195944_us,NA,NA,NA,9,646036.686984351,6035713.69699858,1.4,4.6,2022-08-30 15:09:32,1.6,4.5,2022-08-30 15:12:20,1.6,4.1,2022-08-30 15:18:32,1.7,3.1,2022-08-30 15:24:35,2.5,5.1,2022-08-30 15:33:57,1.7,3.8,2022-08-30 16:06:01,NA,NA,NA,2,2022-08-30 15:18:15,2,2022-08-30 15:26:29,2,2022-08-30 15:34:36,2,NA,0.09,2022-08-30 15:12:37,0.42,2022-08-30 15:24:25,0.23,2022-08-30 15:24:51,0.34,2022-08-30 15:53:08,0.5,NA,NA,NA,NA,NA,0.4,2022-08-30 15:11:27,0.5,2022-08-30 15:22:56,0.43,2022-08-30 15:36:16,NA,NA,20220830_161938.jpg,20220830_161951.jpg,20220830_161956.jpg,20220830_162049.jpg,Rock drop 41cm.,Typical habitat ,NA,NA,NA,Low,NA,Clear,moderate,S,T,D,S,T,T, N,1-20%,few,Clumped,moss,UC,F,NA,Mixed,MF,V,Fines,NA,D,MF,C,B,NA,NA,NA,Si,PC,FC,Rock,0.64,1, Medium value habitat. Likely an important migration Corredor however the stream is heavily impacted by cattle chapel thanks and degradation related to cattle ranching And windthrow. Significant amounts of cattle manure in the stream likely putting water quality well above disgusting thresholds.     Occasional pockets of gravel suitable for resident rainbow spawning. No fish observed. Boulders are the significant cover however there are just occasional pause with depth suitable for overwintering. Decent amount of hearing habitat for juveniles though. Small rock drop of 65cm is located 365m upstream of the top end of the culvert.    ,NA,NA,NA,NA,NA,NA,NA,NA,NA,NA,NA,NA,NA,NA,NA,NA,"c(646036.686984351, 6035713.69699858)",NA,NA,NA,NA,NA,NA,NA,NA,NA,NA,NA,NA,NA,NA,NA,NA,NA,NA,NA,NA,NA,NA,NA
form_fiss_site_202208282208.gpkg,2022-08-30 11:27:18,MateoW,NA,MateoW,MateoW,NA,Stock Creek,195943_ds,NA,NA,NA,NA,951011.511601074,1049233.04779668,NA,NA,NA,NA,NA,NA,NA,NA,NA,NA,NA,NA,NA,NA,NA,NA,NA,NA,NA,NA,NA,NA,NA,NA,NA,NA,NA,NA,NA,NA,NA,NA,NA,NA,NA,NA,NA,NA,NA,NA,NA,NA,NA,NA,NA,NA,NA,NA,NA,NA,NA,NA,NA,NA,NA,NA,NA,NA,NA,NA,NA,NA,NA,NA,NA,NA,NA,NA,NA,NA,NA,NA,NA,NA,NA,NA,NA,NA,NA,NA,NA,NA,NA,NA,NA,NA,NA,NA,NA,NA,NA,NA,NA,NA,NA,NA,NA,NA,NA,NA,NA,NA,NA,NA,NA,NA,NA,NA,NA,NA,NA,NA,NA,"c(951011.511601074, 1049233.04779668)",NA,NA,NA,NA,NA,NA,NA,NA,NA,NA,NA,NA,NA,NA,NA,NA,NA,NA,NA,NA,NA,NA,NA
form_fiss_site_202208282208.gpkg,2022-08-30 11:29:49,MateoW,NA,MateoW,MateoW,NA,Stock Creek,195943_ds,13.6,8.14,343,9,645442.399564437,6035041.96723564,5,2.83,2022-08-30 11:37:20,1.6,4.5,2022-08-30 11:43:37,1.3,3.1,2022-08-30 11:52:34,2.8,4.5,2022-08-30 12:18:15,1.5,3,2022-08-30 12:28:42,1,2.8,2022-08-30 12:36:25,NA,NA,NA,4,2022-08-30 11:43:57,2,2022-08-30 12:17:36,2,2022-08-30 12:29:13,NA,NA,0.3,2022-08-30 11:41:34,0.4,2022-08-30 11:57:23,0.3,2022-08-30 12:16:20,0.7,2022-08-30 12:35:23,NA,NA,NA,NA,NA,NA,0.8,2022-08-30 11:54:37,0.55,2022-08-30 12:30:18,NA,NA,NA,NA,NA,NA,NA,NA,NA,NA,NA,NA,NA,Medium,NA,Clear,NA,D,N,T,T,T,T,T,1-20%,N,Clumped,Algae,S,F,NA,S,Shr,S,G,NA,G,Na,G,C,NA,NA,NA,SI,DC,OC,NA,NA,NA,NA,NA,NA,NA,NA,NA,NA,NA,NA,NA,NA,NA,NA,NA,NA,NA,NA,"c(645442.399564437, 6035041.96723564)",NA,NA,NA,NA,NA,NA,NA,NA,NA,NA,NA,NA,NA,NA,NA,NA,NA,NA,NA,NA,NA,NA,NA
form_fiss_site_202208282208.gpkg,2022-08-31 10:30:31,newgraph_airvine,NA,newgraph_airvine,newgraph_airvine,30,Thompson Creek,198066_us,12.6,8.4,288,9,640367.397095085,6048463.07941421,1.9,5.2,2022-08-31 10:34:33,3.8,7.3,2022-08-31 10:43:09,2.8,3,2022-08-31 10:49:04,NA,NA,NA,NA,NA,NA,NA,NA,NA,NA,NA,NA,1.5,2022-08-31 10:38:32,4,2022-08-31 10:51:52,2,2022-08-31 10:56:39,NA,NA,0.5,2022-08-31 10:34:48,0.27,2022-08-31 10:47:57,0.5,2022-08-31 10:56:01,NA,NA,NA,NA,NA,NA,NA,NA,0.5,2022-08-31 10:47:43,0.42,2022-08-31 10:57:57,NA,NA,NA,NA,20220831_110149.jpg,20220831_110156.jpg,20220831_110202.jpg,20220831_110211.jpg,Typical1,Typical2,NA,NA,NA,Low,NA,Clear,M,S,S,T,D,S,S,N,0 - 20%,F,Clumped,NA,UC,F,NA,Shrubs,Shrub,Sloped,F,NA,D,MF,G,C,NA,NA,NA,Sinous,Decoupled ,OC,NA,NA,NA, High value habitat. Abundant gravel is present suitable for spawning resident and anadromous species. Some deep pools present suitable for juvenile rearing and overwintering. Some evidence of large flow events likely due to Beaverdam blowouts upstream which have been reported by adjacent landowners.          ,NA,NA,NA,NA,NA,NA,NA,NA,NA,NA,NA,NA,NA,NA,NA,NA,"c(640367.397095085, 6048463.07941421)",NA,NA,NA,NA,NA,NA,NA,NA,NA,NA,NA,NA,NA,NA,NA,NA,NA,NA,NA,NA,NA,NA,NA
form_fiss_site_202208282208.gpkg,2022-09-01 12:02:13,newgraph_airvine,NA,newgraph_airvine,newgraph_airvine,NA,Tributary to Gramophone Creek,58067_ds,12.4,8.15,93,9,609723.890600537,6092868.04449409,NA,NA,NA,NA,NA,NA,NA,NA,NA,NA,NA,NA,NA,NA,NA,NA,NA,NA,NA,NA,NA,NA,NA,NA,NA,NA,NA,NA,NA,NA,NA,NA,NA,NA,NA,NA,NA,NA,NA,NA,NA,NA,NA,NA,NA,NA,NA,NA,NA,NA,NA,NA,NA,NA,NA,NA,NA,NA,NA,NA,NA,NA,NA,NA,NA,NA,NA,NA,NA,NA,NA,NA,NA,NA,NA,NA,NA,NA,NA,NA,NA,NA,NA,NA,NA,NA,NA,NA,NA,NA,NA,NA,NA,NA,NA,NA,NA,NA,NA,NA,NA,NA,NA,NA,NA,NA,NA,NA,NA,NA,NA,NA,NA,"c(609723.890600537, 6092868.04449409)",NA,NA,NA,NA,NA,NA,NA,NA,NA,NA,NA,NA,NA,NA,NA,NA,NA,NA,NA,NA,NA,NA,NA
form_fiss_site_202208282208.gpkg,2022-09-01 12:01:59,newgraph_bute,NA,newgraph_bute,newgraph_bute,NA,Tributary to gramophone creek,58067_ds,12.4,8.15,93,9,609730.758745296,6092868.95421717,4.4,5.4,2022-09-01 12:10:04,2.9,4.6,2022-09-01 12:22:02,1.5,5.6,2022-09-01 12:28:40,3.3,6.3,2022-09-01 12:32:48,3.4,3.6,2022-09-01 12:41:05,2.6,5.3,2022-09-01 12:52:57,NA,NA,NA,3,2022-09-01 12:15:14,4,2022-09-01 12:27:59,2,2022-09-01 12:39:49,3,2022-09-01 12:47:44,0.17,NA,0.61,2022-09-01 12:39:30,0.33,2022-09-01 12:57:30,0.41,2022-09-01 12:58:42,0.34,2022-09-01 13:01:16,NA,NA,NA,NA,0.62,2022-09-01 12:18:06,0.5,2022-09-01 12:43:59,0.5,2022-09-01 13:03:04,NA,NA,20220901_125707.jpg,NA,NA,NA,NA,NA,NA,NA,NA,NA,NA,NA,M,S,T,S,d,S,S,N,1,F,E,M,U,F,FALSE,M,MF,S,CB,NA,m,MF,C,B,90,24,NA,Ir ,Dc ,Fc,NA,NA,NA,NA,NA,NA,NA,NA,NA,NA,NA,NA,NA,NA,NA,NA,NA,NA,NA,NA,"c(609730.758745296, 6092868.95421717)",NA,NA,NA,NA,NA,NA,NA,NA,NA,NA,NA,NA,NA,NA,NA,NA,NA,NA,NA,NA,NA,NA,NA
form_fiss_site_202208291708.gpkg,NA,NA,00000BULK,NA,NA,NA,Robert Hatch,197912_us,12,8,283,9,670788,6046511,NA,NA,NA,NA,NA,NA,NA,NA,NA,NA,NA,NA,NA,NA,NA,NA,NA,NA,NA,NA,NA,NA,NA,NA,NA,NA,NA,NA,NA,NA,NA,NA,NA,NA,NA,NA,NA,NA,NA,NA,NA,NA,NA,NA,NA,NA,NA,NA,NA,NA,NA,NA,NA,NA,NA,NA,NA,3,0,3,NA,NA,Clear,abundant,sub-dominant,sub-dominant,none,sub-dominant,dominant,sub-dominant,sub-dominant,21-40%,few,evenly distributed,NA,undercut,fines,NA,shrubs,shrub,sloping,gravels,NA,shrubs,shrub,gravels,fines,NA,NA,NA,NA,NA,NA,beaver dam,1.2,NA,"High value habitat. Low densities of fish (not sure why). Abundant gravels, deep pools, undercut banks, and small woody debris. Extreme areas of algal growth. Cattle impacts extreme throughout.",NA,NA,NA,recording meter,NA,NA,NA,NA,NA,NA,metre stick,4.32,2.54,0.015,0.633333333333333,0.35,"c(670788, 6046511)",NA,NA,NA,NA,NA,NA,NA,NA,NA,NA,NA,NA,NA,NA,NA,NA,NA,NA,NA,NA,NA,NA,NA
form_fiss_site_202208291708.gpkg,2022-09-02 10:57:00,newgraph_airvine,newgraph_airvine,newgraph_airvine,MW,58,Tributary to Gramaphone Creek,58067_ds_ef1,12.2,8.1,67,9,609521.9303903,6092942.8552439,3.1,NA,2022-09-02 11:02:55,NA,NA,NA,NA,NA,NA,NA,NA,NA,NA,NA,NA,NA,NA,NA,NA,NA,NA,1,2022-09-02 11:15:20,NA,NA,NA,NA,NA,NA,NA,NA,NA,NA,NA,NA,NA,NA,NA,NA,NA,NA,NA,NA,NA,NA,NA,NA,NA,NA,NA,NA,NA,NA,NA,NA,NA,NA,NA,NA,NA,NA,NA,clear,moderate,trace,none,dominant,trace,trace,trace,none,1-20%,few,evenly distributed,mosses,overhanging bank,fines,FALSE,mixed forest,mature forest,NA,NA,NA,NA,NA,NA,NA,NA,NA,NA,NA,NA,NA,NA,NA,NA,Mostly Riffle Habitat with occasional boulders and a pool at the top and with a piece of larger Wid and under cup bank. Four of the fish were captured in the pool at the top End.          ,NA,NA,NA,NA,NA,NA,NA,NA,NA,NA,NA,NA,NA,NA,NA,NA,"c(609521.9303903, 6092942.8552439)",newgraph_airvine,NA,NA,NA,NA,NA,NA,NA,NA,NA,NA,NA,NA,NA,NA,NA,NA,20220902_110959.jpg,Upstream,NA,Downstream,NA,NA
form_fiss_site_202208291708.gpkg,2022-09-02 11:03:07,newgraph_bute,newgraph_bute,newgraph_bute,MW,58,Tributary to Gramaphone,58067_ds_ef1,12.2,8.1,67,9,609517.533072794,6092939.57411477,3.1,NA,2022-09-02 11:08:56,2.9,NA,2022-09-02 11:38:08,4.1,NA,2022-09-02 11:39:47,3.2,NA,NA,3.1,NA,NA,NA,NA,NA,NA,NA,NA,1,2022-09-02 11:15:29,NA,NA,NA,NA,NA,NA,NA,NA,NA,NA,NA,NA,NA,NA,NA,NA,NA,NA,NA,NA,NA,NA,NA,NA,NA,NA,NA,NA,NA,NA,NA,NA,NA,NA,NA,NA,NA,NA,NA,clear,moderate,trace,none,dominant,trace,trace,trace,none,1-20%,few,evenly distributed,mosses,overhanging bank,fines,FALSE,mixed forest,mature forest,none,fines,FALSE,NA,NA,NA,NA,NA,NA,NA,NA,NA,NA,NA,NA,NA,Site length 15.9,NA,NA,NA,NA,NA,NA,NA,NA,NA,NA,NA,NA,NA,NA,NA,NA,"c(609517.533072794, 6092939.57411477)",VJ,NA,NA,NA,NA,NA,NA,NA,NA,NA,NA,NA,NA,NA,NA,20220902_112557.jpg,20220902_112603.jpg,NA,NA,NA,NA,NA,NA
form_fiss_site_202208291708.gpkg,2022-09-02 11:47:53,newgraph_bute,newgraph_bute,newgraph_bute,MW,59,Tributary to Gramaphone,58067_ds_ef2,NA,NA,NA,9,609535.800027914,6092931.59447513,3.8,NA,NA,3.8,NA,NA,4,NA,NA,3.5,NA,NA,2.7,NA,NA,NA,NA,NA,NA,NA,NA,NA,NA,NA,NA,1,2022-09-02 12:00:03,NA,NA,NA,NA,NA,NA,NA,NA,NA,NA,NA,NA,NA,NA,NA,NA,NA,NA,NA,NA,NA,NA,NA,NA,NA,NA,NA,NA,NA,NA,NA,NA,NA,NA,NA,NA,moderate,trace,none,sub-dominant,dominant,trace,trace,none,1-20%,none,evenly distributed,mosses,sloping,cobbles,FALSE,mixed forest,mature forest,NA,NA,NA,NA,NA,NA,NA,NA,NA,NA,NA,NA,NA,erosion/sedimentation,NA,NA,Site length 24m,NA,NA,NA,NA,NA,NA,NA,NA,NA,NA,NA,NA,NA,NA,NA,NA,"c(609535.800027914, 6092931.59447513)",VJ,NA,NA,NA,NA,NA,NA,NA,NA,NA,NA,NA,NA,NA,NA,20220902_115915.jpg,20220902_115919.jpg,NA,NA,NA,NA,NA,NA
form_fiss_site_202208291708.gpkg,2022-09-02 12:04:20,newgraph_bute,newgraph_bute,newgraph_bute,MW,60,Tributary to Gramaphone ,58067_ds_ef3,NA,NA,NA,9,609541.626398867,6092917.47500431,4.3,NA,NA,4.4,NA,2022-09-02 12:25:41,3.3,NA,NA,2.2,NA,NA,3.3,NA,NA,NA,NA,NA,NA,NA,NA,NA,NA,NA,NA,NA,NA,NA,NA,NA,NA,NA,NA,NA,NA,NA,NA,NA,NA,NA,NA,NA,NA,NA,NA,NA,NA,NA,NA,NA,NA,NA,NA,NA,NA,NA,NA,NA,NA,NA,NA,NA,NA,moderate,dominant,sub-dominant,trace,sub-dominant,trace,trace,none,1-20%,few,evenly distributed,none,undercut,cobbles,FALSE,mixed forest,mature forest,NA,NA,NA,NA,NA,NA,NA,NA,NA,NA,NA,NA,NA,NA,NA,NA,Site length 25.2,NA,NA,NA,NA,NA,NA,NA,NA,NA,NA,NA,NA,NA,NA,NA,NA,"c(609541.626398867, 6092917.47500431)",newgraph_bute,NA,NA,NA,NA,NA,NA,NA,NA,NA,NA,NA,NA,NA,NA,NA,NA,NA,NA,NA,NA,NA,NA
form_fiss_site_202208291708.gpkg,2022-09-02 12:54:41,newgraph_bute,newgraph_bute,newgraph_bute,MW,61,Tributary to Gramaphone ,58067_ds_ef4,NA,NA,NA,NA,609532.428630431,6092886.39382677,2.2,NA,NA,2.5,NA,NA,5.4,NA,NA,3.9,NA,NA,3,NA,NA,NA,NA,NA,NA,NA,NA,2,NA,NA,NA,NA,NA,NA,NA,NA,NA,NA,NA,NA,NA,NA,NA,NA,NA,NA,NA,NA,NA,NA,NA,NA,NA,NA,NA,NA,NA,NA,NA,NA,NA,NA,NA,NA,NA,NA,NA,NA,NA,moderate,NA,NA,NA,NA,NA,NA,NA,NA,none,not applicable,mosses,sloping,cobbles,FALSE,mixed forest,mature forest,NA,NA,NA,NA,NA,NA,NA,NA,NA,NA,NA,NA,NA,NA,NA,NA,Site length 32.2m,NA,NA,NA,NA,NA,NA,NA,NA,NA,NA,NA,NA,NA,NA,NA,NA,"c(609532.428630431, 6092886.39382677)",VJ,NA,NA,NA,NA,NA,NA,NA,NA,NA,NA,NA,NA,NA,NA,NA,NA,NA,NA,NA,NA,NA,NA
form_fiss_site_202208291708.gpkg,2022-09-02 13:38:58,newgraph_bute,newgraph_bute,newgraph_bute,MW,62,Tributary to Gramaphone ,58067_ds_ef5,NA,NA,NA,9,609561.24590789,6092854.46223594,2.2,NA,2022-09-02 13:56:12,2.3,NA,2022-09-02 13:56:21,2.9,NA,2022-09-02 13:56:33,3.1,NA,2022-09-02 13:56:40,NA,NA,NA,NA,NA,NA,NA,NA,NA,0,2022-09-02 13:56:49,NA,NA,NA,NA,NA,NA,NA,NA,NA,NA,NA,NA,NA,NA,NA,NA,NA,NA,NA,NA,NA,NA,NA,NA,NA,NA,NA,NA,NA,NA,NA,NA,NA,NA,NA,NA,NA,NA,NA,NA,moderate,dominant,none,sub-dominant,sub-dominant,sub-dominant,trace,none,1-20%,none,NA,NA,undercut,fines,NA,mixed forest,mature forest,NA,NA,NA,NA,NA,cobbles,fines,NA,NA,NA,NA,NA,NA,NA,NA,NA,Site length 13m. Clyde habitat with extensive small with you to breathe and some undercut on the left Bank. Difficult to fish due to all the small woody debrie.,NA,NA,NA,NA,NA,NA,NA,NA,NA,NA,NA,NA,NA,NA,NA,NA,"c(609561.24590789, 6092854.46223594)",VJ,NA,NA,NA,NA,NA,NA,NA,NA,NA,NA,NA,NA,NA,NA,NA,NA,20220902_135803.jpg,Downstream from top          ,20220902_134749.jpg,Upstream from bottom,NA,NA
form_fiss_site_202208291708.gpkg,2022-09-02 14:04:41,newgraph_bute,newgraph_bute,newgraph_bute,AI,35,Tributary to a gramophone creek,53067_ds_ef6,NA,NA,NA,9,609597.348838969,6092858.5584291,5.2,NA,2022-09-02 14:11:04,5.1,NA,NA,6.5,NA,2022-09-02 14:11:17,NA,NA,NA,NA,NA,NA,NA,NA,NA,NA,NA,NA,NA,NA,NA,NA,0,2022-09-02 14:11:28,NA,NA,NA,NA,NA,NA,NA,NA,NA,NA,NA,NA,NA,NA,NA,NA,NA,NA,NA,NA,NA,NA,NA,NA,NA,NA,NA,NA,NA,NA,NA,NA,NA,NA,NA,NA,NA,NA,NA,NA,NA,NA,NA,NA,NA,NA,NA,NA,NA,NA,NA,NA,NA,NA,NA,NA,NA,NA,NA,NA,NA,NA,NA,NA,NA,NA,NA,NA,NA,Length is 7.7. Stopped at gravels. Site is one large pool with a big piece of large woody debris across the channel.          ,NA,NA,NA,NA,NA,NA,NA,NA,NA,NA,NA,NA,NA,NA,NA,NA,"c(609597.348838969, 6092858.5584291)",AI,NA,NA,NA,NA,NA,NA,NA,NA,NA,NA,NA,NA,NA,NA,NA,NA,20220902_141231.jpg,Upstream from bottom,20220902_141715.jpg, Downstream from top,NA,NA
form_fiss_site_202208291708.gpkg,2022-09-02 15:24:52,newgraph_bute,00000BULK,newgraph_bute,MW,36,Tributary to Gramaphone ,58067_US_ef3,NA,NA,NA,9,609879.726515275,6092802.91115756,3.14,5,2022-09-02 15:35:08,3.5,NA,2022-09-02 15:35:13,3.9,NA,2022-09-02 15:35:15,NA,NA,NA,NA,NA,NA,NA,NA,NA,NA,NA,NA,1,NA,NA,NA,NA,NA,NA,NA,NA,NA,NA,NA,NA,NA,NA,NA,NA,NA,NA,NA,NA,NA,NA,NA,NA,NA,NA,NA,NA,NA,NA,NA,NA,NA,NA,NA,NA,NA,NA,NA,NA,NA,moderate,trace,trace,sub-dominant,dominant,trace,sub-dominant,none,21-40%,few,evenly distributed,none,undercut,fines,FALSE,deciduous forest,mature forest,NA,gravels,NA,mixed forest,mature forest,NA,NA,NA,NA,NA,NA,NA,NA,NA,NA,NA,4.9,NA,NA,NA,NA,NA,NA,NA,NA,NA,NA,NA,NA,NA,NA,NA,NA,"c(609879.726515275, 6092802.91115756)",TP,NA,NA,"Vegetated bar at top of sitE, providing cover for Fish functional what are you the free on left Bank plenty of fish scooted ou T of.  To rainbow trout were caught electrofishing more were sighted. Call Bulls and boulders made up the stream bed for good quality rearing habitaT. Healthy riparian.                         ",NA,NA,NA,NA,NA,NA,NA,NA,NA,NA,NA,NA,NA,20220902_153156.jpg,Upstream from bottom,20220902_153209.jpg,Downstream from top,NA,NA
form_fiss_site_202208291708.gpkg,2022-09-02 15:49:19,newgraph_bute,newgraph_bute,newgraph_bute,AI,37,Trib to Gramophone,58067_US_ef4,NA,NA,NA,9,609889.060360881,6092783.67202115,NA,2.9,2022-09-02 16:00:51,2.5,NA,2022-09-02 16:02:01,2.9,NA,2022-09-02 16:02:30,NA,NA,NA,NA,NA,NA,NA,NA,NA,NA,NA,NA,1,2022-09-02 16:02:54,NA,NA,NA,NA,NA,NA,NA,NA,NA,NA,NA,NA,NA,NA,NA,NA,NA,NA,NA,NA,NA,NA,NA,NA,NA,NA,NA,NA,NA,NA,NA,NA,NA,NA,NA,NA,NA,NA,NA,NA,trace,trace,trace,dominant,none,trace,trace,none,1-20%,few,evenly distributed,none,sloping,boulders,NA,NA,NA,NA,fines,NA,NA,NA,NA,NA,NA,NA,NA,NA,NA,NA,NA,NA,NA,Right bank is slopeing.) Red healthy riparian shrubs deciduous and conifers provide some shade but not much crown cloSure.     ,NA,NA,NA,NA,NA,NA,NA,NA,NA,NA,NA,NA,NA,NA,NA,NA,"c(609889.060360881, 6092783.67202115)",TP,NA,NA,NA,NA,NA,NA,NA,NA,NA,NA,NA,NA,NA,NA,NA,NA,20220902_155613.jpg,Upstream from bottom ,20220902_155821.jpg,Downstream from top,NA,NA
form_fiss_site_202208291708.gpkg,2022-09-02 16:08:56,newgraph_bute,newgraph_bute,newgraph_bute,AI,NA,NA,58067_us_ef5,NA,NA,NA,9,609897.252666025,6092772.00249957,4.3,NA,NA,2.4,NA,2022-09-02 16:16:50,2.6,NA,2022-09-02 16:16:27,NA,NA,NA,NA,NA,NA,NA,NA,NA,NA,NA,NA,2,NA,NA,NA,NA,NA,NA,NA,NA,NA,NA,NA,NA,NA,NA,NA,NA,NA,NA,NA,NA,NA,NA,NA,NA,NA,NA,NA,NA,NA,NA,NA,NA,NA,NA,NA,NA,NA,NA,NA,NA,NA,moderate,trace,trace,dominant,none,trace,trace,none,1-20%,few,evenly distributed,none,sloping,gravels,NA,mixed forest,mature forest,NA,cobbles,NA,mixed forest,mature forest,cobbles,gravels,NA,NA,NA,NA,NA,NA,NA,NA,NA,Site length 11. 1 m. Shrubs and mixed forest riparian giving good shade from sun so 20 m from someone’s property on left bank          ,NA,NA,NA,NA,NA,NA,NA,NA,NA,NA,NA,NA,NA,NA,NA,NA,"c(609897.252666025, 6092772.00249957)",tp,NA,NA,Stable large body debris in stream and a long stream Banks creating complexity and great fish rearing habitat boulders are present and very functional for cover I just saw a big ass fish swim by this is great fish habit       ,NA,NA,NA,NA,NA,NA,NA,NA,NA,NA,NA,NA,NA,20220902_160956.jpg,Upstream from bottom,20220902_161245.jpg,Downstream from top,NA,NA
form_fiss_site_202209072309.gpkg,NA,NA,00000BULK,NA,NA,NA,Robert Hatch,197912_us,12,8,283,9,670788,6046511,NA,NA,NA,NA,NA,NA,NA,NA,NA,NA,NA,NA,NA,NA,NA,NA,NA,NA,NA,NA,NA,NA,NA,NA,NA,NA,NA,NA,NA,NA,NA,NA,NA,NA,NA,NA,NA,NA,NA,NA,NA,NA,NA,NA,NA,NA,NA,NA,NA,NA,NA,NA,NA,NA,NA,NA,NA,3,0,3,NA,NA,Clear,abundant,sub-dominant,sub-dominant,none,sub-dominant,dominant,sub-dominant,sub-dominant,21-40%,few,evenly distributed,NA,undercut,fines,NA,shrubs,shrub,sloping,gravels,NA,shrubs,shrub,gravels,fines,NA,NA,NA,NA,NA,NA,beaver dam,1.2,NA,"High value habitat. Low densities of fish (not sure why). Abundant gravels, deep pools, undercut banks, and small woody debris. Extreme areas of algal growth. Cattle impacts extreme throughout.",NA,NA,NA,recording meter,NA,NA,NA,NA,NA,NA,metre stick,4.32,2.54,0.015,0.633333333333333,0.35,"c(670788, 6046511)",NA,NA,NA,NA,NA,NA,NA,NA,NA,NA,NA,NA,NA,NA,NA,NA,NA,NA,NA,NA,NA,NA,NA
form_fiss_site_202209072309.gpkg,2022-09-08 13:29:27,Bute,00000kisp,Bute,NA,NA,Pinenut Creek,8300238_ds,9.7,8.15,75,NA,587045.920647714,6138705.94560761,3.4,8.9,2022-09-08 14:19:05,8.9,10.1,2022-09-08 14:26:42,5.2,7.2,2022-09-08 14:31:18,4.9,7.7,2022-09-08 14:35:43,6.6,8.9,2022-09-08 14:40:04,3.7,5.8,2022-09-08 14:42:41,NA,NA,NA,4,2022-09-08 14:29:47,5,2022-09-08 14:43:27,5,2022-09-08 15:15:20,4,2022-09-08 15:17:55,0.44,NA,0.56,NA,0.53,NA,NA,NA,NA,NA,NA,NA,NA,NA,NA,NA,NA,NA,NA,NA,NA,NA,NA,NA,NA,NA,NA,NA,NA,NA,NA,moderate,NA,clear,trace,trace,trace,dominant,sub-dominant,trace,trace,none,1-20%,few,clumped,none,sloping,cobbles,FALSE,deciduous forest,young forest,sloping,cobbles,FALSE,mixed forest,young forest,cobbles,gravels,NA,NA,FALSE,irregular meanders,Decoupled,frequently confined,ditch/diversion channel,NA,50,NA,NA,NA,NA,NA,NA,NA,NA,NA,NA,NA,NA,NA,NA,NA,NA,NA,"c(587045.920647714, 6138705.94560761)",JO,NA,NA,NA,2022-09-08 15:29:56,falls,1.2,10,NA,NA,NA,NA,NA,20220908_160108.jpg,20220908_153522.jpg,20220908_160117.jpg,20220908_160211.jpg,20220908_160218.jpg,NA,20220908_160235.jpg,NA,NA,NA
form_fiss_site_202209072309.gpkg,2022-09-08 13:44:56,newgraph_airvine,newgraph_airvine,newgraph_airvine,newgraph_airvine,NA,Pinenut Creek,8302257_us,NA,NA,NA,9,587052.5254923,6138709.57467896,4.7,20.3,2022-09-08 13:55:09,6.1,8.3,2022-09-08 13:58:52,6,11.7,NA,6,15,2022-09-08 14:34:25,7,11,2022-09-08 14:51:54,4.6,12.4,2022-09-08 14:56:59,NA,NA,NA,2.5,2022-09-08 13:52:45,3,2022-09-08 14:03:33,4.5,2022-09-08 14:14:58,4.5,2022-09-08 14:53:54,0.3,2022-09-08 14:22:21,0.5,2022-09-08 14:38:17,0.35,2022-09-08 14:43:16,0.46,2022-09-08 15:29:11,NA,NA,NA,NA,NA,NA,0.62,2022-09-08 13:56:37,0.67,2022-09-08 14:59:11,0.6,2022-09-08 15:29:58,NA,NA,NA,NA,NA,NA,NA,NA,NA,NA,NA,moderate,NA,NA,trace,trace,trace,dominant,sub-dominant,trace,trace,none,1-20%,few,clumped,none,overhanging bank,fines,FALSE,mixed forest,mature forest,undercut,fines,FALSE,mixed forest,mature forest,cobbles,boulders,NA,20,FALSE,irregular wandering,Decoupled,frequently confined,falls,1.3,5,"DJ is recorded as falls on form.  Medium value habitat for ST, DV, CCT and CO. Approximately 500m upstream of crossing. This is a high energy system with numerous areas of multiple channel and islands and elevated bars. ",NA,NA,NA,NA,NA,NA,NA,NA,NA,NA,NA,NA,NA,NA,NA,NA,"c(587052.5254923, 6138709.57467896)",newgraph_airvine,NA,NA,High flows are pushing most large woody debris out of the main channel resulting in lower complexity and most cover available as boulders. there are rare pockets of gravel suitable for spawning.,2022-09-08 14:49:12,NA,NA,NA,NA,NA,NA,NA,NA,20220908_152239.jpg,20220908_152246.jpg,20220908_152250.jpg,20220908_152300.jpg,20220908_152304.jpg,DJ 500m upstream 120cm high,20220908_152335.jpg,Undercut banks,NA,650
form_fiss_site_202209072309.gpkg,2022-09-09 15:47:55,MateoW,MateoW,MateoW,MateoW,NA,Trib to Kitwanga River,8300095_us,11.6,8.38,291,9,563426.037520261,6109612.136155,NA,NA,2022-09-09 16:02:15,1.9,3.6,2022-09-09 16:02:45,3.1,4.1,2022-09-09 16:10:58,1.6,3.2,2022-09-09 16:24:17,3,4.5,2022-09-09 16:37:02,2.1,3.4,2022-09-09 16:48:59,5.2,6.1,2022-09-09 16:53:00,3,2022-09-09 16:01:16,2.5,2022-09-09 16:11:08,5,2022-09-09 16:23:32,5,2022-09-09 16:36:15,0.3,2022-09-09 16:22:30,0.3,2022-09-09 16:28:58,0.7,2022-09-09 16:46:07,NA,NA,NA,NA,NA,NA,NA,NA,0.5,2022-09-09 16:12:52,0.4,2022-09-09 16:35:12,0.5,2022-09-09 16:48:00,NA,NA,NA,NA,NA,NA,NA,NA,NA,NA,NA,moderate,NA,clear,moderate,dominant,sub-dominant,sub-dominant,sub-dominant,trace,sub-dominant,none,1-20%,few,clumped,none,undercut,cobbles,FALSE,mixed forest,mature forest,sloping,gravels,FALSE,mixed forest,mature forest,cobbles,gravels,NA,NA,FALSE,sinuous,Partially Coupled,occasionally confined,NA,NA,NA,Moderate value habitat. Only a few areas with fines suitable for spawning. Mostly cobbles in stream. Wide channel throughout with a lot of woody debris. Large amounts of undercut banks that can provide cover. But not many deep pools. Some steep eroding banks found every  so often.,NA,NA,NA,NA,NA,NA,NA,NA,NA,NA,NA,NA,NA,NA,NA,NA,"c(563426.037520261, 6109612.136155)",MateoW,NA,NA,NA,NA,NA,NA,NA,NA,NA,NA,NA,NA,photos/TimePhoto_20220909_160716.jpg,NA,photos/TimePhoto_20220909_164746.jpg,photos/TimePhoto_20220909_160314.jpg,/storage/emulated/0/Android/data/uk.co.lutraconsulting/files/projects/bcfishpass_skeena_20220823/photos/TimePhoto_20220909_160603.jpg,Embankment issues,/storage/emulated/0/Android/data/uk.co.lutraconsulting/files/projects/bcfishpass_skeena_20220823/photos/TimePhoto_20220909_160455.jpg,Lwd,NA,600
form_fiss_site_202209072309.gpkg,2022-09-09 14:52:11,newgraph_airvine,newgraph_airvine,newgraph_airvine,newgraph_airvine,NA,Tributary to Kitwanga River,8301994_us,8.4,8.3,149,9,550306.738961546,6140706.36527874,2.8,3.2,2022-09-09 15:14:16,2.4,2.4,2022-09-09 15:19:39,3.5,2.3,2022-09-09 15:25:46,3.1,2.6,2022-09-09 15:33:43,3.4,2.7,2022-09-09 15:38:27,3.4,2.4,2022-09-09 15:53:55,3.1,3.4,2022-09-09 16:02:28,6,2022-09-09 15:28:11,5,2022-09-09 15:40:25,6,2022-09-09 15:43:40,6,2022-09-09 16:11:55,0.24,2022-09-09 15:19:56,0.35,2022-09-09 15:21:15,0.62,2022-09-09 15:33:28,0.25,2022-09-09 15:36:11,0.41,2022-09-09 15:49:02,0.45,2022-09-09 16:20:33,NA,NA,0.23,2022-09-09 15:29:50,0.33,2022-09-09 15:41:16,0.31,2022-09-09 15:58:53,NA,NA,NA,NA,NA,NA,NA,NA,NA,NA,NA,moderate,NA,clear,moderate,sub-dominant,sub-dominant,none,dominant,sub-dominant,sub-dominant,none,41-70%,few,evenly distributed,none,sloping,fines,FALSE,coniferous forest,mature forest,undercut,fines,FALSE,coniferous forest,young forest,gravels,cobbles,NA,12,FALSE,sinuous,Coupled,confined,NA,NA,NA,"High value habitat for spawning and juvenile rearing. Abundant gravels suitable for CT, ST, CO and DV spawning. Confined stream with small and large Woody debris throughout. Large Woody debris creates small steps to 30 cm high and nice pools below. ",NA,NA,NA,NA,NA,NA,NA,NA,NA,NA,NA,NA,NA,NA,NA,NA,"c(550306.738961546, 6140706.36527874)",newgraph_airvine,NA,NA,NA,NA,NA,NA,NA,NA,NA,NA,NA,NA,20220909_160555.jpg,20220909_160559.jpg,20220909_160604.jpg,20220909_160611.jpg,20220909_160624.jpg,Pool2,20220909_162118.jpg,Gravels upstream,NA,500
form_fiss_site_202209072309.gpkg,2022-09-09 17:43:29,newgraph_airvine,newgraph_airvine,newgraph_airvine,newgraph_airvine,NA,Tea Creek,8300095_ds,NA,NA,NA,9,563386.415318971,6109556.92901213,2.5,4.8,2022-09-09 17:57:51,3.6,5.9,2022-09-09 17:59:10,3.1,5.6,2022-09-09 18:02:13,3.9,5.1,2022-09-09 18:06:23,3.1,5.8,2022-09-09 18:09:41,3.2,4.8,2022-09-09 18:12:02,NA,NA,NA,2,2022-09-09 17:59:56,3,2022-09-09 18:07:54,4,2022-09-09 18:14:39,NA,2022-09-09 18:13:31,0.25,2022-09-09 18:03:08,0.3,2022-09-09 18:13:30,0.4,2022-09-09 18:15:16,NA,NA,NA,NA,NA,NA,NA,NA,0.46,2022-09-09 18:00:48,0.5,2022-09-09 18:08:39,NA,NA,NA,NA,NA,NA,NA,NA,NA,NA,NA,NA,NA,moderate,NA,NA,moderate,sub-dominant,trace,dominant,sub-dominant,trace,sub-dominant,none,1-20%,few,evenly distributed,algae,sloping,large rock/bedrock,FALSE,mixed forest,mature forest,sloping,cobbles,FALSE,mixed forest,mature forest,gravels,cobbles,NA,14,FALSE,sinuous,Partially Coupled,frequently confined,NA,NA,NA,Boulder habitat with rock canyon for a good portion of survey. Frequent patches of gravel and rare pools. Known steel head system. Adjacent landowner reports steelhead spawning upstream of highway in tributary.          ,NA,NA,NA,NA,NA,NA,NA,NA,NA,NA,NA,NA,NA,NA,NA,NA,"c(563386.415318971, 6109556.92901213)",newgraph_airvine,NA,NA,High value habitat ,NA,NA,NA,NA,NA,NA,NA,NA,NA,20220909_182552.jpg,20220909_182555.jpg,20220909_182558.jpg,20220909_182604.jpg,20220909_182611.jpg,Culvert at highway,NA,NA,NA,400
form_fiss_site_202209072309.gpkg,2022-09-10 10:13:24,MateoW,MateoW,MateoW,MateoW,NA,Trib to Skeena River ,8301485,9.2,7.6,133,9,582870.573948695,6130486.15926372,NA,NA,NA,4.4,4.7,2022-09-10 10:19:28,3,4.5,2022-09-10 10:34:52,1.9,5.1,2022-09-10 10:41:03,2.4,5.6,2022-09-10 10:50:02,NA,NA,NA,NA,NA,NA,1,2022-09-10 10:25:09,2.5,2022-09-10 10:40:09,NA,NA,NA,NA,0.5,2022-09-10 10:16:36,0.4,2022-09-10 10:42:15,NA,NA,NA,NA,NA,NA,NA,NA,NA,NA,0.5,2022-09-10 10:20:46,0.3,2022-09-10 10:49:05,NA,NA,NA,NA,NA,NA,NA,NA,NA,NA,NA,NA,NA,moderate,NA,Lightly Turbid,moderate,sub-dominant,dominant,none,trace,trace,trace,trace,1-20%,few,clumped,vascular plants,sloping,fines,FALSE,wetland,shrub,sloping,fines,FALSE,shrubs,shrub,fines,gravels,NA,NA,FALSE,sinuous,Decoupled,unconfined,beaver dam,1,14,"Mostly wetland habitat, with 3 big beaver dams spaced evenly along surveyed length. Multiple channels after first beaver dam, separated by heavily vegetated banks. Muddy bed material with some fines and gravels but nothing bigger. More gravels closer to downstream culvert that are suitable for spawning. Deep pools near wetland that can be suitable for rearing if habitat is opened up.",NA,NA,NA,NA,NA,NA,NA,NA,NA,NA,NA,NA,NA,NA,NA,NA,"c(582870.573948695, 6130486.15926372)",MateoW,NA,NA,NA,2022-09-10 10:14:56,beaver dam,1,10,2022-09-10 10:27:34,beaver dam,0.7,7,2022-09-10 10:32:46,photos/TimePhoto_20220910_103859.jpg,photos/TimePhoto_20220910_101531.jpg,photos/TimePhoto_20220910_102559.jpg,photos/TimePhoto_20220910_100321.jpg,/storage/emulated/0/Android/data/uk.co.lutraconsulting/files/projects/bcfishpass_skeena_20220823/photos/TimePhoto_20220910_101308.jpg,Beaver dam,/storage/emulated/0/Android/data/uk.co.lutraconsulting/files/projects/bcfishpass_skeena_20220823/photos/TimePhoto_20220910_104438.jpg,Culvert grate,NA,200
form_fiss_site_202209072309.gpkg,2022-09-10 11:40:52,MateoW,MateoW,MateoW,MateoW,NA,Trib to Skeena River,NA,NA,NA,NA,9,583032.59385188,6130377.52638712,4.4,4.7,2022-09-10 11:44:52,NA,NA,NA,NA,NA,NA,NA,NA,NA,NA,NA,NA,NA,NA,NA,NA,NA,NA,NA,NA,NA,NA,NA,NA,NA,NA,NA,NA,NA,NA,NA,NA,NA,NA,NA,NA,NA,NA,NA,NA,NA,NA,NA,NA,NA,NA,NA,NA,NA,NA,NA,NA,NA,NA,NA,NA,NA,NA,NA,NA,none,sub-dominant,sub-dominant,none,none,sub-dominant,trace,dominant,1-20%,few,clumped,vascular plants,sloping,fines,FALSE,wetland,shrub,sloping,fines,FALSE,wetland,shrub,fines,gravels,NA,NA,FALSE,sinuous,Decoupled,unconfined,beaver dam,1,13,Open wetland habitat with shrubs and floodplain. Beaver dam approx 100m downstream of culvert. ,NA,NA,NA,NA,NA,NA,NA,NA,NA,NA,NA,NA,NA,NA,NA,NA,"c(583032.59385188, 6130377.52638712)",MateoW,NA,NA,NA,2022-09-10 11:51:03,beaver dam,NA,NA,NA,NA,NA,NA,NA,NA,NA,photos/TimePhoto_20220910_114623.jpg,photos/TimePhoto_20220910_120920.jpg,/storage/emulated/0/Android/data/uk.co.lutraconsulting/files/projects/bcfishpass_skeena_20220823/photos/TimePhoto_20220910_115051.jpg,Large beaver dam,NA,NA,NA,100
form_fiss_site_202209072309.gpkg,2022-09-10 12:58:40,MateoW,MateoW,MateoW,MateoW,NA,Trib to Kispiox River ,8300042_us,10,8.25,164,9,582130.55146982,6135026.94050753,NA,NA,NA,2.2,4.8,2022-09-10 12:59:50,1.9,2.6,2022-09-10 13:17:24,2.2,2.9,2022-09-10 13:26:36,2.9,5.8,2022-09-10 13:31:53,2.4,3.6,2022-09-10 13:41:11,2.2,2.8,2022-09-10 13:49:21,7,2022-09-10 12:58:59,6,2022-09-10 13:14:00,7,2022-09-10 13:25:59,8,2022-09-10 13:40:28,0.3,2022-09-10 13:02:57,0.6,2022-09-10 13:09:49,0.5,2022-09-10 13:30:33,0.5,2022-09-10 13:35:02,0.6,2022-09-10 13:43:03,NA,NA,NA,NA,0.3,2022-09-10 13:00:45,0.3,2022-09-10 13:18:32,0.4,2022-09-10 13:46:02,NA,NA,NA,NA,NA,NA,NA,NA,NA,NA,NA,NA,NA,clear,moderate,sub-dominant,dominant,sub-dominant,trace,sub-dominant,sub-dominant,none,21-40%,abundant,clumped,none,V-shaped,boulders,FALSE,mixed forest,mature forest,sloping,cobbles,FALSE,mixed forest,mature forest,cobbles,boulders,1.9,0.5,FALSE,straight,Partially Coupled,frequently confined,cascade or Chute,0.9,2.4,"Moderate value habitat. Numerous cascades that are approx 1m in height, with deep pools below. Wide stream throughout. A lot of large woody debris over stream. Dam upstream. Average gradient of 7. Trace areas with gravels that could be suitable for spawning. ",NA,NA,NA,NA,NA,NA,NA,NA,NA,NA,NA,NA,NA,NA,NA,NA,"c(582130.55146982, 6135026.94050753)",MateoW,NA,NA,NA,2022-09-10 13:03:36,cascade or Chute,0.6,2.2,2022-09-10 13:08:36,falls,0.9,3.3,2022-09-10 13:16:29,photos/TimePhoto_20220910_132401.jpg,photos/TimePhoto_20220910_134239.jpg,photos/TimePhoto_20220910_125720.jpg,photos/TimePhoto_20220910_134410.jpg,/storage/emulated/0/Android/data/uk.co.lutraconsulting/files/projects/bcfishpass_skeena_20220823/photos/TimePhoto_20220910_130509.jpg,Cascade,NA,NA,NA,800
form_fiss_site_202209072309.gpkg,2022-09-10 14:38:38,MateoW,MateoW,MateoW,MateoW,NA,Trib to Kispiox River ,8300042_ds,10,8.25,164,9,582193.311419223,6135015.54033429,NA,NA,NA,2.1,5.3,2022-09-10 14:42:25,NA,NA,NA,NA,NA,NA,NA,NA,NA,NA,NA,NA,NA,NA,NA,11,2022-09-10 14:44:40,NA,NA,NA,NA,NA,NA,0.8,2022-09-10 14:39:00,NA,NA,NA,NA,NA,NA,NA,NA,NA,NA,NA,NA,0.4,2022-09-10 14:43:50,NA,NA,NA,NA,NA,NA,NA,NA,NA,NA,NA,NA,NA,NA,NA,high,NA,clear,trace,trace,sub-dominant,dominant,trace,trace,sub-dominant,none,1-20%,none,not applicable,none,sloping,cobbles,FALSE,deciduous forest,mature forest,sloping,gravels,FALSE,mixed forest,mature forest,cobbles,gravels,1.4,0.8,FALSE,straight,Decoupled,occasionally confined,cascade or Chute,0.7,1.2,Steep stretch but good moderate value habitat. Mostly cobbles with some gravels. One cascade that's 1m in height that could block fish from coming up. ,NA,NA,NA,NA,NA,NA,NA,NA,NA,NA,NA,NA,NA,NA,NA,NA,"c(582193.311419223, 6135015.54033429)",MateoW,NA,NA,NA,2022-09-10 14:40:53,NA,NA,NA,NA,NA,NA,NA,NA,photos/TimePhoto_20220910_145031.jpg,photos/TimePhoto_20220910_143738.jpg,photos/TimePhoto_20220910_143724.jpg,photos/TimePhoto_20220910_144341.jpg,/storage/emulated/0/Android/data/uk.co.lutraconsulting/files/projects/bcfishpass_skeena_20220823/photos/TimePhoto_20220910_144042.jpg,Cascade,NA,NA,NA,60
form_fiss_site_202209072309.gpkg,2022-09-11 09:17:15,newgraph_airvine,newgraph_airvine,newgraph_airvine,newgraph_airvine,NA,NA,NA,NA,NA,NA,NA,618826.924621842,6071767.65404803,NA,NA,NA,NA,NA,NA,NA,NA,NA,NA,NA,NA,NA,NA,NA,NA,NA,NA,NA,NA,NA,NA,NA,NA,NA,NA,NA,NA,NA,NA,NA,NA,NA,NA,NA,NA,NA,NA,NA,NA,NA,NA,NA,NA,NA,NA,NA,NA,NA,NA,NA,NA,NA,NA,NA,NA,NA,NA,NA,NA,NA,NA,NA,NA,NA,NA,NA,NA,NA,NA,NA,NA,NA,NA,NA,NA,NA,NA,NA,NA,NA,NA,NA,NA,NA,NA,NA,NA,NA,NA,NA,NA,NA,NA,NA,NA, So I want to know if this is going to wrap or if it’s going to run right through          ,NA,NA,NA,NA,NA,NA,NA,NA,NA,NA,NA,NA,NA,NA,NA,NA,"c(618826.924621842, 6071767.65404803)",newgraph_airvine,NA,NA,NA,NA,NA,NA,NA,NA,NA,NA,NA,NA,NA,NA,NA,NA,NA,NA,NA,NA,NA,NA
form_fiss_site_202209072309.gpkg,2022-09-10 10:08:31,newgraph_bute,newgraph_bute,newgraph_bute,CM,NA,Trib to Skeena River ,8301485_US,NA,NA,NA,NA,582845.685820998,6130495.21870025,3.4,5.8,2022-09-10 10:16:59,4.6,6.1,2022-09-10 10:25:48,2.7,7.2,2022-09-10 10:37:33,3.6,5.2,2022-09-10 10:42:45,2.6,5.5,2022-09-10 11:17:45,NA,NA,NA,NA,NA,NA,3.5,2022-09-10 10:24:21,2,2022-09-10 10:42:55,2,2022-09-10 11:22:15,NA,NA,0.47,2022-09-10 10:29:32,0.05,2022-09-10 11:00:15,0.27,2022-09-10 11:20:45,NA,NA,NA,NA,NA,NA,NA,NA,3.5,2022-09-10 10:51:56,NA,NA,NA,NA,NA,NA,NA,NA,NA,NA,NA,NA,NA,NA,NA,moderate,NA,NA,moderate,sub-dominant,sub-dominant,none,dominant,sub-dominant,sub-dominant,none,41-70%,few,evenly distributed,none,undercut,fines,NA,mixed forest,mature forest,sloping,gravels,FALSE,shrubs,shrub,gravels,cobbles,NA,NA,FALSE,irregular meanders,Decoupled,occasionally confined,beaver dam,1,40,"High value habitat. There’s abundant gravels suitable for CO, ST spawning. Local knowledge of historic CO spawning in the system. Multiple large BD in site. ",NA,NA,NA,NA,NA,NA,NA,NA,NA,NA,NA,NA,NA,NA,NA,NA,"c(582845.685820998, 6130495.21870025)",newgraph_bute,Cm,NA,Stream flows adjacent to the community of glen vowell and supplies the drinking water. Top site was US and Up site of the BD complex on southern tributary. ,2022-09-10 10:54:05,NA,NA,NA,NA,NA,NA,NA,NA,NA,NA,NA,NA,NA,NA,NA,NA,NA,300
form_fiss_site_202209072309.gpkg,2022-09-12 11:27:01,newgraph_bute,newgraph_bute,newgraph_bute,newgraph_bute,NA,NA,NA,NA,NA,NA,9,582717.10864175,6073874.38477961,3,5.5,2022-09-12 11:36:53,5.75,6,2022-09-12 11:55:06,2,2.2,2022-09-12 12:26:45,2.7,3.4,2022-09-12 12:34:50,3.2,3.5,2022-09-12 12:47:34,2.4,3.5,NA,NA,NA,NA,2.5,2022-09-12 11:39:29,3,2022-09-12 12:04:15,4,2022-09-12 12:18:38,1.5,2022-09-12 12:36:54,0.33,2022-09-12 11:42:45,0.45,2022-09-12 11:57:08,0.4,NA,0.35,2022-09-12 12:33:14,0.55,2022-09-12 12:40:22,0.4,2022-09-12 12:45:43,0.3,NA,0.2,2022-09-12 11:37:34,0.6,NA,0.55,2022-09-12 12:27:14,0.6,NA,NA,NA,NA,NA,NA,NA,NA,NA,NA,moderate,NA,NA,abundant,sub-dominant,sub-dominant,dominant,sub-dominant,sub-dominant,sub-dominant,trace,71-90%,abundant,evenly distributed,mosses,sloping,large rock/bedrock,FALSE,mixed forest,mature forest,undercut,cobbles,FALSE,mixed forest,mature forest,large rock/bedrock,cobbles,NA,0.32,FALSE,NA,NA,NA,cascade or Chute,0.75,2.5,"Medium value fish habitat. Water runs cool and clear, with good flow. Riparian g is healthy, plenty of shade and cover. Bed material consists of towels and boulders, also there are small packets of gravel suitable for spawning. Some features may be barrier natural barriers to Fish Passage, although during high flow there’s a good chance strong fish can make it up. Plenty of pools available for fish to habituate, large wooden debris and small woody debris as well as boulders are quite functional and force complexity into the stream,. Stream is located mostly in a bed rock canyon, shrubs hang over the stream, taking up about 2 m on either side of the bank.",NA,NA,NA,NA,NA,NA,NA,NA,NA,NA,NA,NA,NA,NA,NA,NA,"c(582717.10864175, 6073874.38477961)",Tieasha Pierre,NA,NA,NA,NA,NA,1.2,5.3,NA,NA,0.8,5.6,NA,20220913_102101.jpg,20220913_102453.jpg,20220913_102534.jpg,20220913_102548.jpg,20220913_102624.jpg,NA,20220913_102736.jpg,NA,NA,275
form_fiss_site_202209072309.gpkg,2022-09-12 12:06:20,newgraph_airvine,newgraph_airvine,newgraph_airvine,newgraph_airvine,NA,Sandstone Creek ,8530_ds_ef1,6.5,7.4,90,9,582688.739000016,6073700.1224027,2,3.6,2022-09-12 13:02:10,2.8,3.1,2022-09-12 13:03:18,2.2,3.7,2022-09-12 13:03:53,2.5,2.9,2022-09-12 13:05:09,2.5,4,2022-09-12 13:05:51,NA,NA,NA,NA,NA,NA,3,2022-09-12 13:06:40,NA,NA,NA,NA,NA,NA,NA,NA,NA,NA,NA,NA,NA,NA,NA,NA,NA,NA,NA,NA,NA,NA,NA,NA,NA,NA,NA,NA,NA,NA,NA,NA,NA,NA,NA,NA,NA,NA,NA,clear,moderate,trace,sub-dominant,dominant,sub-dominant,sub-dominant,trace,none,1-20%,few,evenly distributed,none,sloping,boulders,FALSE,coniferous forest,mature forest,undercut,boulders,FALSE,coniferous forest,mature forest,boulders,boulders,NA,NA,NA,NA,NA,NA,NA,NA,NA,Ef seconds 203.3,NA,NA,NA,NA,NA,NA,NA,NA,NA,NA,NA,NA,NA,NA,NA,NA,"c(582688.739000016, 6073700.1224027)",newgraph_airvine,NA,NA,Glide habitat was some steep sections and older cover. One small patch of gravel          ,NA,NA,NA,NA,NA,NA,NA,NA,NA,20220912_130840.jpg,20220912_130855.jpg,20220912_124140.jpg,20220912_124143.jpg,NA,NA,NA,NA,NA,14
form_fiss_site_202209072309.gpkg,2022-09-12 11:23:33,MateoW,MateoW,MateoW,MateoW,NA,Sandstone Creek,4600913_us,NA,NA,NA,9,582729.52939037,6073893.1115396,NA,NA,NA,2.6,4.9,2022-09-12 11:26:25,2.8,3.7,2022-09-12 11:38:48,2.1,3.1,2022-09-12 11:45:48,2.9,3.2,2022-09-12 11:51:49,1.8,4.4,2022-09-12 12:02:11,1.5,3.2,2022-09-12 12:14:20,3,2022-09-12 11:38:06,4,2022-09-12 11:45:03,3,2022-09-12 11:50:57,3,2022-09-12 12:08:15,0.7,2022-09-12 11:25:14,0.6,2022-09-12 11:53:07,0.4,2022-09-12 12:05:38,NA,NA,NA,NA,NA,NA,NA,NA,0.3,2022-09-12 11:31:59,0.3,2022-09-12 11:46:43,0.5,2022-09-12 12:05:58,NA,NA,NA,NA,NA,NA,NA,NA,NA,NA,NA,moderate,NA,NA,moderate,dominant,sub-dominant,trace,sub-dominant,trace,sub-dominant,none,21-40%,few,evenly distributed,none,undercut,fines,FALSE,coniferous forest,mature forest,sloping,gravels,FALSE,coniferous forest,mature forest,cobbles,gravels,0.9,0.6,FALSE,sinuous,Decoupled,unconfined,cascade or Chute,0.4,4,"Moderate value habitat. Abundant cover from woody debris, overhanging veg and undercut banks. Wide channel throughout with graveled areas suitable for spawning. Trace distribution of deep pools suitable for rearing. A couple smaller cascades (<1m in height) thar may block smaller fish. ",NA,NA,NA,NA,NA,NA,NA,NA,NA,NA,NA,NA,NA,NA,NA,NA,"c(582729.52939037, 6073893.1115396)",MateoW,NA,NA,NA,2022-09-12 11:23:46,beaver dam,0.5,2m debris jam,NA,NA,NA,NA,NA,photos/TimePhoto_20220912_114734.jpg,photos/TimePhoto_20220912_115237.jpg,photos/TimePhoto_20220912_114038.jpg,photos/TimePhoto_20220912_112540.jpg,/storage/emulated/0/Android/data/uk.co.lutraconsulting/files/projects/bcfishpass_skeena_20220823/photos/TimePhoto_20220912_114741.jpg,Debris jam,/storage/emulated/0/Android/data/uk.co.lutraconsulting/files/projects/bcfishpass_skeena_20220823/photos/TimePhoto_20220912_112320.jpg,Cascade,NA,600
form_fiss_site_202209072309.gpkg,2022-09-12 13:58:20,MateoW,MateoW,MateoW,MateoW,NA,Sandstone Creek,8530_ds_ef2,NA,NA,NA,9,582693.266578533,6073705.33876947,NA,NA,NA,3.2,3.4,2022-09-12 14:00:00,3.6,3.8,2022-09-12 14:00:24,3.2,3.8,2022-09-12 14:00:33,NA,NA,NA,NA,NA,NA,NA,NA,NA,NA,NA,NA,NA,NA,NA,NA,NA,NA,NA,NA,NA,NA,NA,NA,NA,NA,NA,NA,NA,NA,NA,NA,NA,NA,NA,NA,NA,NA,NA,NA,NA,NA,NA,NA,NA,NA,NA,NA,moderate,NA,NA,moderate,sub-dominant,trace,dominant,trace,trace,sub-dominant,none,21-40%,none,not applicable,none,V-shaped,fines,NA,coniferous forest,mature forest,sloping,gravels,NA,mixed forest,mature forest,cobbles,boulders,NA,NA,FALSE,NA,NA,NA,NA,NA,NA,Bedrock pools at top end of site. Cascade and riffle pools with lots of cover.,NA,NA,NA,NA,NA,NA,NA,NA,NA,NA,NA,NA,NA,NA,NA,NA,"c(582693.266578533, 6073705.33876947)",MateoW,NA,NA,NA,NA,NA,NA,NA,NA,NA,NA,NA,NA,NA,NA,photos/TimePhoto_20220912_140408.jpg,photos/TimePhoto_20220912_140519.jpg,NA,NA,NA,NA,NA,15
form_fiss_site_202209072309.gpkg,2022-09-12 14:39:58,MateoW,MateoW,MateoW,MateoW,NA,Sandstone Creek,8530_ds_ef3,NA,NA,NA,9,582692.792427481,6073724.76479641,NA,NA,NA,2.6,2.9,2022-09-12 14:41:09,5.7,6.3,2022-09-12 14:41:19,NA,NA,NA,NA,NA,NA,NA,NA,NA,NA,NA,NA,7,2022-09-12 14:41:33,NA,NA,NA,NA,NA,NA,NA,NA,NA,NA,NA,NA,NA,NA,NA,NA,NA,NA,NA,NA,NA,NA,NA,NA,NA,NA,NA,NA,NA,NA,NA,NA,NA,NA,NA,NA,NA,moderate,NA,NA,moderate,sub-dominant,trace,dominant,trace,trace,sub-dominant,none,1-20%,none,not applicable,none,V-shaped,cobbles,NA,shrubs,shrub,sloping,gravels,NA,coniferous forest,mature forest,cobbles,gravels,NA,NA,FALSE,straight,Decoupled,confined,NA,NA,NA,"Mostly riffles, steep section. Some deep pools at top end of site where the channel is much wider. Mostly cobbles with some gravels and boulders.",NA,NA,NA,NA,NA,NA,NA,NA,NA,NA,NA,NA,NA,NA,NA,NA,"c(582692.792427481, 6073724.76479641)",MateoW,AI,VJ,NA,NA,NA,NA,NA,NA,NA,NA,NA,NA,NA,NA,photos/TimePhoto_20220912_142412.jpg,photos/TimePhoto_20220912_143059.jpg,NA,NA,NA,NA,NA,11
form_fiss_site_202209072309.gpkg,2022-09-13 14:29:31,newgraph_bute,newgraph_bute,newgraph_bute,newgraph_bute,NA,Sandstone Creek,8530_us_ef2,NA,NA,NA,9,582816.310499961,6074015.77228748,4.2,6.6,2022-09-13 14:32:35,2.2,3.4,2022-09-13 14:32:53,1.2,2.3,2022-09-13 14:34:08,2.1,3.3,2022-09-13 14:35:03,2.4,6.1,2022-09-13 14:36:06,2.3,5.2,2022-09-13 14:37:00,NA,NA,NA,2,2022-09-13 14:56:37,NA,NA,NA,NA,NA,NA,NA,NA,NA,NA,NA,NA,NA,NA,NA,NA,NA,NA,NA,NA,NA,NA,NA,NA,NA,NA,NA,NA,NA,NA,NA,NA,NA,NA,NA,NA,NA,NA,NA,NA,moderate,dominant,trace,trace,trace,none,sub-dominant,none,1-20%,few,evenly distributed,none,sloping,gravels,FALSE,shrubs,shrub,sloping,fines,FALSE,coniferous forest,mature forest,cobbles,gravels,NA,NA,NA,NA,NA,NA,NA,NA,NA,Ef 325.5s. Mostly Riffel with some shallow glide and small Woody debris.          ,NA,NA,NA,NA,NA,NA,NA,NA,NA,NA,NA,NA,NA,NA,NA,NA,"c(582816.310499961, 6074015.77228748)",newgraph_bute,AW,NA,NA,NA,NA,NA,NA,NA,NA,NA,NA,NA,20220913_150359.jpg,NA,20220913_150410.jpg,20220913_150420.jpg,NA,NA,NA,NA,NA,21
form_fiss_site_202209072309.gpkg,2022-09-13 11:39:32,newgraph_airvine,newgraph_airvine,newgraph_airvine,newgraph_airvine,NA,Sandstone Creek ,8530_us_ef1,6.4,7.4,90,9,582795.298262263,6073960.44626038,2.8,5.4,2022-09-13 11:40:58,2.4,5.3,2022-09-13 11:43:51,1.8,5.6,2022-09-13 11:44:53,2.6,5.1,2022-09-13 13:17:04,2.5,6,2022-09-13 13:17:59,NA,NA,NA,NA,NA,NA,2.5,2022-09-13 13:19:08,NA,NA,NA,NA,NA,NA,NA,NA,NA,NA,NA,NA,NA,NA,NA,NA,NA,NA,NA,NA,NA,NA,NA,NA,NA,NA,NA,NA,NA,NA,NA,NA,NA,NA,NA,NA,NA,moderate,NA,clear,moderate,dominant,none,sub-dominant,sub-dominant,trace,sub-dominant,none,1-20%,none,NA,NA,sloping,gravels,FALSE,coniferous forest,mature forest,undercut,fines,NA,coniferous forest,mature forest,cobbles,gravels,NA,NA,NA,NA,NA,NA,NA,NA,NA,"Ef 195s. One rainbow captured along with numerous cutthroat. Low-gradients shallow glide with some rifle with small woody debris, boulders and under Cutbanks throughout most of sight.          ",NA,NA,NA,NA,NA,NA,NA,NA,NA,NA,NA,NA,NA,NA,NA,NA,"c(582795.298262263, 6073960.44626038)",newgraph_airvine,AW,NA,NA,NA,NA,NA,NA,NA,NA,NA,NA,NA,20220913_132212.jpg,20220913_132231.jpg,20220913_132235.jpg,20220913_132247.jpg,20220913_132319.jpg,RB,20220913_132309.jpg,CT,NA,17
form_fiss_site_202209072309.gpkg,2022-09-13 15:22:36,newgraph_airvine,newgraph_airvine,newgraph_airvine,newgraph_airvine,NA,Sandstone Creek ,8530_us_ef3,NA,NA,NA,9,582832.107395053,6074021.41253959,3,3.8,2022-09-13 16:03:01,3,3.5,2022-09-13 16:03:40,3.2,3.7,2022-09-13 16:04:42,2.9,3.4,2022-09-13 16:05:26,2.1,4.3,2022-09-13 16:06:21,NA,NA,NA,NA,NA,NA,1.5,2022-09-13 16:08:41,NA,NA,NA,NA,NA,NA,NA,NA,NA,NA,NA,NA,NA,NA,NA,NA,NA,NA,NA,NA,NA,NA,NA,NA,NA,NA,NA,NA,NA,NA,NA,NA,NA,NA,NA,NA,NA,moderate,NA,NA,moderate,sub-dominant,none,none,trace,dominant,sub-dominant,none,21-40%,none,NA,none,sloping,gravels,FALSE,shrubs,shrub,sloping,cobbles,FALSE,coniferous forest,mature forest,NA,NA,NA,NA,NA,NA,NA,NA,NA,NA,NA,EF 283s. Slightly deeper pool glide habitat for approximately 10 m at the bottom then some showerer rifle and glide in the top end. Lots of small woody debris in the deepest areas of the pool where majority of the larger fish were captured.          ,NA,NA,NA,NA,NA,NA,NA,NA,NA,NA,NA,NA,NA,NA,NA,NA,"c(582832.107395053, 6074021.41253959)",newgraph_airvine,NA,NA,NA,NA,NA,NA,NA,NA,NA,NA,NA,NA,20220913_161304.jpg,20220913_161309.jpg,20220913_161311.jpg,20220913_161321.jpg,NA,NA,NA,NA,NA,21
form_fiss_site_202209072309.gpkg,2022-09-09 15:14:27,jesse olson,NA,jesse olson,jesse olson,NA,8301994_ds,NA,NA,NA,NA,NA,860692.245010236,1159176.95238305,1.96,3.8,2022-09-09 15:17:41,NA,NA,NA,NA,NA,NA,NA,NA,NA,NA,NA,NA,NA,NA,NA,NA,NA,NA,NA,NA,NA,NA,NA,NA,NA,NA,NA,NA,NA,NA,NA,NA,NA,NA,NA,NA,NA,NA,NA,NA,NA,NA,NA,NA,NA,NA,NA,NA,NA,NA,NA,NA,NA,NA,NA,NA,NA,NA,NA,NA,NA,NA,NA,NA,NA,NA,NA,NA,NA,NA,NA,NA,NA,NA,NA,NA,NA,NA,NA,NA,NA,NA,NA,NA,NA,NA,NA,NA,NA,NA,NA,NA,NA,NA,NA,NA,NA,NA,NA,NA,NA,NA,NA,NA,NA,NA,NA,NA,NA,NA,"c(860692.245010236, 1159176.95238305)",jo,NA,NA,NA,NA,NA,NA,NA,NA,NA,NA,NA,NA,NA,NA,NA,NA,NA,NA,NA,NA,NA,NA
form_fiss_site_202209072309.gpkg,2022-09-09 15:21:44,jesse olson,00000KISP,jesse olson,jesse olson,NA,Tributary to  Kitwanga river,8301994_ds,NA,NA,NA,NA,550301.493260038,6140711.2480886,0.89,2.8,2022-09-09 15:23:44,2,3,2022-09-09 15:29:11,2.2,3.2,2022-09-09 15:35:07,2.2,3.6,2022-09-09 15:39:17,2.8,3.8,2022-09-09 16:03:10,3.25,6.7,2022-09-09 16:03:36,3.1,3.2,2022-09-09 16:06:19,2.5,2022-09-09 15:24:51,2,2022-09-09 15:33:56,3,2022-09-09 16:08:09,2,2022-09-09 16:12:09,0.18,2022-09-09 16:15:20,0.43,2022-09-09 16:16:46,0.23,2022-09-09 16:21:18,0.27,2022-09-09 16:22:55,NA,NA,NA,NA,NA,NA,0.36,2022-09-09 15:26:14,0.34,2022-09-09 15:28:03,0.39,2022-09-09 15:36:12,0.37,2022-09-09 16:26:05,NA,NA,NA,NA,NA,NA,NA,NA,NA,moderate,NA,NA,moderate,sub-dominant,trace,trace,trace,trace,dominant,none,21-40%,few,evenly distributed,none,sloping,gravels,FALSE,mixed forest,young forest,sloping,gravels,FALSE,mixed forest,young forest,cobbles,gravels,NA,NA,FALSE,irregular wandering,Decoupled,unconfined,ditch/diversion channel,NA,15,"Abundant overhanging veg and a lot of downed trees, stream mainly consists of gravels and cobbles, infrequent shallow pools",NA,NA,NA,NA,NA,NA,NA,NA,NA,NA,NA,NA,NA,NA,NA,NA,"c(550301.493260038, 6140711.2480886)",jesse olson,NA,NA,NA,2022-09-09 15:38:00,falls,1.2,5,2022-09-09 16:01:15,dam (general),2 log jam,7,2022-09-09 16:05:20,20220909_164040.jpg,NA,20220909_164343.jpg,20220909_164347.jpg,20220909_164353.jpg,Photo end of location,20220909_164405.jpg,NA,NA,200
form_fiss_site_202209072309.gpkg,2022-09-15 12:48:19,newgraph_airvine,newgraph_airvine,newgraph_airvine,newgraph_airvine,NA,Tributary to Owen Creek,197379_ds_ef1,NA,NA,NA,9,640952.269151206,6005913.60235783,5,NA,2022-09-15 12:49:36,NA,NA,NA,NA,NA,NA,NA,NA,NA,NA,NA,NA,NA,NA,NA,NA,NA,NA,NA,NA,NA,NA,NA,NA,NA,NA,NA,NA,NA,NA,NA,NA,NA,NA,NA,NA,NA,NA,NA,NA,NA,NA,NA,NA,NA,NA,NA,NA,NA,NA,NA,NA,NA,NA,NA,NA,NA,low,NA,NA,abundant,trace,none,sub-dominant,none,dominant,trace,NA,1-20%,NA,NA,NA,sloping,cobbles,NA,mixed forest,young forest,sloping,cobbles,NA,mixed forest,young forest,cobbles,boulders,NA,NA,NA,NA,NA,NA,NA,NA,NA,45s electrofishing . Because the stream was primarily dewatered downstream of the outlet pool this site consisted of the outlet pool only. Only a portion of the fish present in the outlet pool were sampled due to time constraints.                   ,NA,NA,NA,NA,NA,NA,NA,NA,NA,NA,NA,NA,NA,NA,NA,NA,"c(640952.269151206, 6005913.60235783)",newgraph_airvine,NA,NA,NA,NA,NA,NA,NA,NA,NA,NA,NA,NA,NA,NA,NA,NA,NA,NA,NA,NA,NA,5
form_fiss_site_202209072309.gpkg,2022-09-15 13:04:29,newgraph_airvine,newgraph_airvine,newgraph_airvine,newgraph_airvine,NA,Tributary to Owen Creek,197379_us_ef1,NA,NA,NA,9,641024.507534166,6005981.84052496,1.6,6.8,2022-09-15 13:06:40,2,8.4,2022-09-15 13:07:08,1.4,10.3,2022-09-15 13:07:17,NA,NA,NA,NA,NA,NA,NA,NA,NA,NA,NA,NA,0,NA,NA,NA,NA,NA,NA,NA,NA,NA,NA,NA,NA,NA,NA,NA,NA,NA,NA,NA,NA,NA,NA,NA,NA,NA,NA,NA,NA,NA,NA,NA,NA,NA,NA,NA,NA,NA,NA,low,NA,NA,abundant,trace,none,sub-dominant,trace,dominant,trace,none,1-20%,none,NA,none,sloping,fines,FALSE,mixed forest,young forest,undercut,cobbles,FALSE,mixed forest,young forest,NA,NA,NA,NA,NA,NA,NA,NA,NA,NA,NA,235.5s electrofishing. Shallow pools with very large boulder on right bank flat faced area isolated pocket because the majority of the channel is the water. Two passes of the same site we’re done but fish or not separated into passes.          ,NA,NA,NA,NA,NA,NA,NA,NA,NA,NA,NA,NA,NA,NA,NA,NA,"c(641024.507534166, 6005981.84052496)",newgraph_airvine,NA,NA,Some uncertainty about whether Fish marked as cutthroat or actually rainbow. There are yellow slashes under the chin but the mouth does not reach past the eye and we haven’t seen any larger age class fish with the/us. The big fish all appear to be rainbow having a suspect that the small ones may also be remote. Unless they’re hybrids. During the fish processing process it appeared that it is very likely that all of the fish that were classified as cutthroat were actually rainbow. We didn’t find any larger fish with red slashes and as the fish got larger it appeared the yellow slight yellow slashes underneath the chins caught lighter and lighter.          ,NA,NA,NA,NA,NA,NA,NA,NA,NA,NA,NA,20220915_131332.jpg,20220915_131334.jpg,NA,NA,NA,NA,NA,7
form_fiss_site_202209072309.gpkg,2022-09-16 18:59:29,newgraph_airvine,newgraph_airvine,newgraph_airvine,newgraph_airvine,NA,5 Mile Creek,NA,10.8,8.3,814,NA,981227.551864481,5797324.40565168,3.1,3.5,2022-09-16 19:01:30,1.6,1.9,2022-09-16 19:05:56,1.9,2.1,2022-09-16 19:07:46,2,2,2022-09-16 19:09:29,2.1,2.1,2022-09-16 19:15:13,2.2,2.2,2022-09-16 19:16:35,NA,NA,NA,4.5,2022-09-16 19:06:31,6,2022-09-16 19:14:23,NA,NA,NA,NA,0.5,2022-09-16 19:06:59,NA,NA,NA,NA,NA,NA,NA,NA,NA,NA,NA,NA,NA,NA,NA,NA,NA,NA,NA,NA,NA,NA,NA,NA,NA,NA,NA,NA,NA,high,NA,Turbid,NA,NA,NA,NA,NA,NA,NA,NA,NA,NA,NA,NA,NA,NA,NA,NA,NA,NA,NA,NA,NA,NA,NA,NA,NA,NA,NA,NA,NA,NA,LWD Jam,0.7,1,"As the stream was turbed it was difficult to determine a subdominant substrate but by using a pole it appeared as though it was fines mixed in with boulders. This is a step pool channel morphology with natural boulder line steps of 0.2 to 0.4 cm Throughout the area survey. Saul, although the culvert may fail the provincial possibility metrics and score barrier conditions in the channel within the pipe and immediately upstream and downstream of the pipe are not significantly different than what we see in the channel over the area surveyed upstream.          ",NA,NA,NA,NA,NA,NA,NA,NA,NA,NA,NA,NA,NA,NA,NA,NA,"c(981227.551864481, 5797324.40565168)",newgraph_airvine,NA,NA,Small stream with good flow. Extremely high conductivity and significant amounts of algae within the channel indicates that there are rangeland impacts from cattle upstream. Suspect that there has been significant rainfall in the last day or two as a stream is running at thankful levels during the survey.     ,2022-09-16 19:10:38,NA,NA,NA,NA,NA,NA,NA,NA,NA,NA,20220916_192652.jpg,20220916_192702.jpg,20220916_192708.jpg,60cm debris jam,20220916_192730.jpg,Algae ,NA,100
form_fiss_site_202209072309.gpkg,2022-09-26 12:48:30,newgraph_airvine,NA,newgraph_airvine,newgraph_airvine,NA,Wiegert Creek,NA,NA,NA,NA,NA,NA,NA,NA,NA,NA,NA,NA,NA,NA,NA,NA,NA,NA,NA,NA,NA,NA,NA,NA,NA,NA,NA,NA,NA,NA,NA,NA,NA,NA,NA,NA,NA,NA,NA,NA,NA,NA,NA,NA,NA,NA,NA,NA,NA,NA,NA,NA,NA,NA,NA,NA,NA,NA,NA,NA,NA,NA,NA,NA,NA,NA,NA,NA,NA,NA,NA,NA,NA,NA,NA,NA,NA,NA,NA,NA,NA,NA,NA,NA,NA,NA,NA,NA,NA,NA,NA,NA,NA,NA,NA,NA,NA,NA,NA,NA,NA,NA,NA,NA,NA,NA,NA,NA,NA,NA,NA,NA,NA,NA,NA,NA,NA,NA,NA,NA,"c(1510490.07087405, 5626379.99390398)",newgraph_airvine,NA,NA,NA,NA,NA,NA,NA,NA,NA,NA,NA,NA,NA,NA,NA,NA,NA,NA,NA,NA,NA,NA
form_fiss_site_202209072309.gpkg,2022-09-26 12:35:51,Jesse olson,Sterritt creek,Jesse’s iphone,Jesse’s garmin 64st,NA,NA,8300128_us,7.6,7.83,10,NA,895685.137475006,1169514.60599952,NA,NA,NA,NA,NA,NA,NA,NA,NA,NA,NA,NA,NA,NA,NA,NA,NA,NA,NA,NA,NA,NA,NA,NA,NA,NA,NA,NA,NA,NA,NA,NA,NA,NA,NA,NA,NA,NA,NA,NA,NA,NA,NA,NA,NA,NA,NA,NA,NA,NA,NA,NA,NA,NA,NA,NA,NA,NA,NA,NA,NA,NA,clear,NA,NA,NA,NA,NA,NA,NA,NA,NA,NA,NA,NA,NA,NA,NA,NA,NA,NA,NA,NA,NA,NA,NA,NA,NA,NA,NA,NA,NA,NA,NA,NA,NA,NA,NA,NA,NA,NA,NA,NA,NA,NA,NA,NA,NA,NA,NA,NA,NA,NA,"c(895685.137475006, 1169514.60599952)",Jo,Jc,NA,NA,NA,NA,NA,NA,NA,NA,NA,NA,NA,NA,NA,NA,NA,NA,NA,NA,NA,NA,NA
form_fiss_site_202209072309.gpkg,2022-09-26 12:50:07,Jesse olson,Sterritt creek,Jesse’s iphone,Jesse’s garmin 64st,NA,NA,8300128_us,7.6,7.83,11,NA,584907.826822317,6152505.18599817,4.07,17.3,2022-09-26 13:00:28,4.4,13.9,2022-09-26 13:21:49,5.78,19.3,2022-09-26 13:54:16,5.8,8.2,2022-09-26 14:12:35,4.45,5.2,2022-09-26 14:24:59,8.3,9.2,2022-09-26 14:45:19,NA,NA,NA,4.5,2022-09-26 13:08:54,5,2022-09-26 13:44:03,4,2022-09-26 14:19:36,4,2022-09-26 14:31:59,0.25,2022-09-26 13:33:37,0.29,2022-09-26 13:36:40,0.61,2022-09-26 13:51:20,0.43,2022-09-26 14:00:23,0.63,2022-09-26 14:30:31,NA,NA,NA,NA,0.57,2022-09-26 13:04:04,0.63,2022-09-26 13:23:41,1.06,2022-09-26 13:43:12,0.96,2022-09-26 14:26:32,NA,NA,NA,NA,NA,NA,NA,NA,NA,moderate,NA,clear,abundant,sub-dominant,dominant,trace,trace,trace,trace,none,21-40%,abundant,evenly distributed,none,V-shaped,cobbles,FALSE,mixed forest,mature forest,V-shaped,cobbles,FALSE,mixed forest,mature forest,cobbles,gravels,NA,NA,FALSE,irregular wandering,Decoupled,occasionally confined,LWD Jam,1,4.5,Has potential for fish but gradient is steep. Bank full depth is very high and when stream is high it fans out. Lots of lwd are main factor in stream direction and development. Other steams near creek water is higher may be one stream.,NA,NA,NA,NA,NA,NA,NA,NA,NA,NA,NA,NA,NA,NA,NA,NA,"c(584933.107462728, 6152562.74889741)",Jo,Jc,NA,NA,2022-09-26 15:04:29,LWD Jam,1,8,2022-09-26 15:06:42,NA,NA,NA,NA,20220926_150732.jpg,20220926_150737.jpg,20220926_150747.jpg,20220926_150757.jpg,20220926_150805.jpg,NA,20220926_150821.jpg,NA,NA,500
form_fiss_site_202209072309.gpkg,2022-09-28 10:12:00,jesse olson,8300128_ds,jesse Olson’s iphone,jesse’s garmin 64st,NA,NA,Sterritt creek ds,7.7,7.9,46,NA,584842.932944943,6152410.49593288,7.5,10.1,2022-09-28 10:41:58,8.4,10.7,2022-09-28 11:23:39,3.8,7.6,2022-09-28 11:40:17,4.4,5.3,2022-09-28 12:07:53,4.56,6.7,2022-09-28 12:20:31,5.6,6.75,2022-09-28 12:33:05,4.95,5.1,2022-09-28 12:47:04,3.5,2022-09-28 11:28:58,6,2022-09-28 11:54:18,4,2022-09-28 12:26:36,9,2022-09-28 12:40:58,0.23,2022-09-28 11:14:11,0.37,2022-09-28 11:25:46,0.49,2022-09-28 11:57:58,0.66,2022-09-28 12:17:21,0.3,2022-09-28 12:39:13,NA,NA,NA,NA,0.82,2022-09-28 11:20:51,0.99,2022-09-28 11:37:49,0.11,2022-09-28 12:11:26,2.01,2022-09-28 12:22:33,NA,NA,NA,NA,NA,NA,NA,NA,NA,moderate,NA,clear,trace,sub-dominant,dominant,sub-dominant,sub-dominant,trace,trace,none,41-70%,abundant,clumped,none,V-shaped,large rock/bedrock,FALSE,coniferous forest,young forest,V-shaped,large rock/bedrock,FALSE,coniferous forest,young forest,large rock/bedrock,cobbles,NA,NA,FALSE,regular meanders,Partially Coupled,entrenched,LWD Jam,1,7,for the gradient of stream habitat is good. A lot of lwd to help with pools and water diversion as well as created natural steps.,NA,NA,NA,NA,NA,NA,NA,NA,NA,NA,NA,NA,NA,NA,NA,NA,"c(584842.932944943, 6152410.49593288)",jesse olson,Josh Campbell ,NA,NA,2022-09-28 11:19:44,LWD Jam,0.78,6,2022-09-28 11:33:53,LWD Jam,1.5,4,2022-09-28 12:37:05,20220928_133341.jpg,20220928_133359.jpg,20220928_133430.jpg,20220928_133439.jpg,20220928_133445.jpg,NA,20220928_133453.jpg,NA,NA,260
form_fiss_site_202209072309.gpkg,2022-10-03 10:34:47,jesse olson,2022091002_ds,jesse olson,jesse olson,NA,NA,Waterfall creek,8.3,8.19,54,NA,590212.317845558,6123219.87267307,2.52,2.6,2022-10-03 10:46:38,2.82,3.3,2022-10-03 10:54:14,2.28,2.78,2022-10-03 11:05:08,1.73,1.73,2022-10-03 11:22:43,2.75,2.92,2022-10-03 11:35:40,3.57,3.77,2022-10-03 11:50:00,3.88,3.88,2022-10-03 12:02:35,1.5,2022-10-03 10:51:46,0.5,2022-10-03 11:12:08,1,2022-10-03 11:41:53,NA,NA,0.2,2022-10-03 11:00:27,0.18,2022-10-03 11:14:57,NA,NA,NA,NA,NA,NA,NA,NA,NA,NA,0.34,2022-10-03 10:47:44,0.38,2022-10-03 11:12:56,0.64,2022-10-03 11:36:10,0.38,2022-10-03 12:02:10,NA,NA,NA,NA,NA,NA,NA,NA,NA,low,NA,clear,abundant,trace,trace,none,trace,none,dominant,sub-dominant,1-20%,few,not applicable,vascular plants,undercut,fines,FALSE,shrubs,shrub,undercut,fines,FALSE,shrubs,shrub,fines,gravels,NA,NA,FALSE,irregular meanders,Coupled,frequently confined,bridge,0.72,6.21,Decent habitat. Slow flowing stream. Stream is in town. Alot of waste and debris. Food for fish is abundant. Alot of cover from veg. Stream hits railway and is diverted west.,NA,NA,NA,NA,NA,NA,NA,NA,NA,NA,NA,NA,NA,NA,NA,NA,"c(590212.317845558, 6123219.87267307)",jesse olson,JC,NA,NA,2022-10-03 11:45:39,ditch/diversion channel,NA,NA,2022-10-03 11:56:43,NA,NA,NA,NA,20221003_122808.jpg,NA,20221003_122907.jpg,20221003_122917.jpg,20221003_122924.jpg,Bridge for hiking trail,20221003_122947.jpg,NA,NA,450
form_fiss_site_202209072309.gpkg,2022-10-04 11:28:37,jesse olson,20222091002_us,jesse olson,jesse olson,NA,NA,Waterfall creek,7.9,8.13,52,NA,590236.927443617,6123135.87525703,4.6,4.6,2022-10-04 11:48:18,3.28,3.28,2022-10-04 12:06:18,3.48,3.48,2022-10-04 12:20:05,3,3,2022-10-04 12:35:06,3.77,3.77,2022-10-04 13:04:12,2.8,3.16,2022-10-04 13:26:59,3.48,4.5,2022-10-04 13:52:54,0.5,2022-10-04 11:57:43,1.5,2022-10-04 12:06:26,2,2022-10-04 12:45:28,2,2022-10-04 13:32:15,0.17,2022-10-04 11:54:38,0.4,2022-10-04 12:00:01,0.41,2022-10-04 12:12:05,0.31,2022-10-04 12:31:12,0.2,2022-10-04 13:30:26,0.38,2022-10-04 13:33:59,NA,NA,0.42,2022-10-04 11:48:40,0.17,2022-10-04 12:07:23,0.2,2022-10-04 12:47:03,0.35,2022-10-04 13:27:58,NA,NA,NA,NA,NA,NA,NA,NA,NA,low,NA,clear,abundant,dominant,trace,trace,sub-dominant,none,dominant,trace,1-20%,few,not applicable,none,undercut,gravels,FALSE,shrubs,initial,undercut,gravels,FALSE,shrubs,initial,gravels,fines,NA,NA,FALSE,regular meanders,Coupled,occasionally confined,LWD Jam,0.2,3,"Excellent habitat quality. moderate flowing creek fish spotted all the way up to the waterfall. Active minnow trap found with many fish inside. Plenty of cover, shallow undercuts.",NA,NA,NA,NA,NA,NA,NA,NA,NA,NA,NA,NA,NA,NA,NA,NA,"c(590236.927443617, 6123135.87525703)",jesse olson,Josh campbell,NA,NA,2022-10-04 11:53:16,crossing (general),1.13,6.05,2022-10-04 12:17:25,LWD Jam,1,5,2022-10-04 13:24:29,20221004_144949.jpg,20221004_145008.jpg,20221004_145036.jpg,20221004_145043.jpg,20221004_145048.jpg,Active minnow trap found in stream,20221004_145111.jpg,NA,NA,1200
