folder,value,photo_name,photo_name_length
14000571,/Users/airvine/Library/CloudStorage/OneDrive-Personal/Projects/2023_data/skeena/photos/14000571/20230912_145413_paper_card.JPG,20230912_145413_paper_card.JPG,30
14000571,/Users/airvine/Library/CloudStorage/OneDrive-Personal/Projects/2023_data/skeena/photos/14000571/20230916_112157_14000571_us_landslide.JPG,20230916_112157_14000571_us_landslide.JPG,41
14000571,/Users/airvine/Library/CloudStorage/OneDrive-Personal/Projects/2023_data/skeena/photos/14000571/20230916_113943_14000571_us_pool.JPG,20230916_113943_14000571_us_pool.JPG,36
14000571,/Users/airvine/Library/CloudStorage/OneDrive-Personal/Projects/2023_data/skeena/photos/14000571/20230916_123621_14000571_us_gravel.JPG,20230916_123621_14000571_us_gravel.JPG,38
14000571,/Users/airvine/Library/CloudStorage/OneDrive-Personal/Projects/2023_data/skeena/photos/14000571/20230916_123631_14000571_us_typical_1.JPG,20230916_123631_14000571_us_typical_1.JPG,41
14000571,/Users/airvine/Library/CloudStorage/OneDrive-Personal/Projects/2023_data/skeena/photos/14000571/20230916_123722_14000571_us_typical_2.JPG,20230916_123722_14000571_us_typical_2.JPG,41
14000571,/Users/airvine/Library/CloudStorage/OneDrive-Personal/Projects/2023_data/skeena/photos/14000571/20230916_123756_14000571_us_card.JPG,20230916_123756_14000571_us_card.JPG,36
14000571,/Users/airvine/Library/CloudStorage/OneDrive-Personal/Projects/2023_data/skeena/photos/14000571/20230916_124010.JPG,20230916_124010.JPG,19
14000571,/Users/airvine/Library/CloudStorage/OneDrive-Personal/Projects/2023_data/skeena/photos/14000571/TimePhoto_20230912_143240_road.JPG,TimePhoto_20230912_143240_road.JPG,34
14000571,/Users/airvine/Library/CloudStorage/OneDrive-Personal/Projects/2023_data/skeena/photos/14000571/TimePhoto_20230912_143556_upstream.JPG,TimePhoto_20230912_143556_upstream.JPG,38
14000571,/Users/airvine/Library/CloudStorage/OneDrive-Personal/Projects/2023_data/skeena/photos/14000571/TimePhoto_20230912_143816_inlet.JPG,TimePhoto_20230912_143816_inlet.JPG,35
14000571,/Users/airvine/Library/CloudStorage/OneDrive-Personal/Projects/2023_data/skeena/photos/14000571/TimePhoto_20230912_143904_barrel.JPG,TimePhoto_20230912_143904_barrel.JPG,36
14000571,/Users/airvine/Library/CloudStorage/OneDrive-Personal/Projects/2023_data/skeena/photos/14000571/TimePhoto_20230912_144345_outlet.JPG,TimePhoto_20230912_144345_outlet.JPG,36
14000571,/Users/airvine/Library/CloudStorage/OneDrive-Personal/Projects/2023_data/skeena/photos/14000571/TimePhoto_20230912_144359_downstream.JPG,TimePhoto_20230912_144359_downstream.JPG,40
14000571,/Users/airvine/Library/CloudStorage/OneDrive-Personal/Projects/2023_data/skeena/photos/14000571/TimePhoto_20230916_124830_14000571_ds_pool.JPG,TimePhoto_20230916_124830_14000571_ds_pool.JPG,46
14000571,/Users/airvine/Library/CloudStorage/OneDrive-Personal/Projects/2023_data/skeena/photos/14000571/TimePhoto_20230916_125155.JPG,TimePhoto_20230916_125155.JPG,29
14000571,/Users/airvine/Library/CloudStorage/OneDrive-Personal/Projects/2023_data/skeena/photos/14000571/TimePhoto_20230916_125910_14000571_ds_typical_1.JPG,TimePhoto_20230916_125910_14000571_ds_typical_1.JPG,51
14000571,/Users/airvine/Library/CloudStorage/OneDrive-Personal/Projects/2023_data/skeena/photos/14000571/TimePhoto_20230916_131032_14000571_ds_typical_2.JPG,TimePhoto_20230916_131032_14000571_ds_typical_2.JPG,51
14000571,/Users/airvine/Library/CloudStorage/OneDrive-Personal/Projects/2023_data/skeena/photos/14000571/TimePhoto_20230916_131842.JPG,TimePhoto_20230916_131842.JPG,29
14000571,/Users/airvine/Library/CloudStorage/OneDrive-Personal/Projects/2023_data/skeena/photos/14000571/TimePhoto_20230916_133916_14000571_ds_gravel.JPG,TimePhoto_20230916_133916_14000571_ds_gravel.JPG,48
14000575,/Users/airvine/Library/CloudStorage/OneDrive-Personal/Projects/2023_data/skeena/photos/14000575/20230912_141625_paper_card.JPG,20230912_141625_paper_card.JPG,30
14000575,/Users/airvine/Library/CloudStorage/OneDrive-Personal/Projects/2023_data/skeena/photos/14000575/TimePhoto_20230912_140205_road.JPG,TimePhoto_20230912_140205_road.JPG,34
14000575,/Users/airvine/Library/CloudStorage/OneDrive-Personal/Projects/2023_data/skeena/photos/14000575/TimePhoto_20230912_140322_outlet.JPG,TimePhoto_20230912_140322_outlet.JPG,36
14000575,/Users/airvine/Library/CloudStorage/OneDrive-Personal/Projects/2023_data/skeena/photos/14000575/TimePhoto_20230912_140422_downstream.JPG,TimePhoto_20230912_140422_downstream.JPG,40
14000575,/Users/airvine/Library/CloudStorage/OneDrive-Personal/Projects/2023_data/skeena/photos/14000575/TimePhoto_20230912_140908_inlet.JPG,TimePhoto_20230912_140908_inlet.JPG,35
14000575,/Users/airvine/Library/CloudStorage/OneDrive-Personal/Projects/2023_data/skeena/photos/14000575/TimePhoto_20230912_140917_barrel.JPG,TimePhoto_20230912_140917_barrel.JPG,36
14000575,/Users/airvine/Library/CloudStorage/OneDrive-Personal/Projects/2023_data/skeena/photos/14000575/TimePhoto_20230912_141024_upstream.JPG,TimePhoto_20230912_141024_upstream.JPG,38
14000638,/Users/airvine/Library/CloudStorage/OneDrive-Personal/Projects/2023_data/skeena/photos/14000638/20230912_131622_paper_card.JPG,20230912_131622_paper_card.JPG,30
14000638,/Users/airvine/Library/CloudStorage/OneDrive-Personal/Projects/2023_data/skeena/photos/14000638/TimePhoto_20230912_125750_road.JPG,TimePhoto_20230912_125750_road.JPG,34
14000638,/Users/airvine/Library/CloudStorage/OneDrive-Personal/Projects/2023_data/skeena/photos/14000638/TimePhoto_20230912_125929_inlet.JPG,TimePhoto_20230912_125929_inlet.JPG,35
14000638,/Users/airvine/Library/CloudStorage/OneDrive-Personal/Projects/2023_data/skeena/photos/14000638/TimePhoto_20230912_125937_barrel.JPG,TimePhoto_20230912_125937_barrel.JPG,36
14000638,/Users/airvine/Library/CloudStorage/OneDrive-Personal/Projects/2023_data/skeena/photos/14000638/TimePhoto_20230912_130133_upstream.JPG,TimePhoto_20230912_130133_upstream.JPG,38
14000638,/Users/airvine/Library/CloudStorage/OneDrive-Personal/Projects/2023_data/skeena/photos/14000638/TimePhoto_20230912_131307_outlet.JPG,TimePhoto_20230912_131307_outlet.JPG,36
14000638,/Users/airvine/Library/CloudStorage/OneDrive-Personal/Projects/2023_data/skeena/photos/14000638/TimePhoto_20230912_131326_downstream.JPG,TimePhoto_20230912_131326_downstream.JPG,40
14000855,/Users/airvine/Library/CloudStorage/OneDrive-Personal/Projects/2023_data/skeena/photos/14000855/20230912_135222_paper_card.JPG,20230912_135222_paper_card.JPG,30
14000855,/Users/airvine/Library/CloudStorage/OneDrive-Personal/Projects/2023_data/skeena/photos/14000855/TimePhoto_20230912_133504_road.JPG,TimePhoto_20230912_133504_road.JPG,34
14000855,/Users/airvine/Library/CloudStorage/OneDrive-Personal/Projects/2023_data/skeena/photos/14000855/TimePhoto_20230912_133719_embankment_fill.JPG,TimePhoto_20230912_133719_embankment_fill.JPG,45
14000855,/Users/airvine/Library/CloudStorage/OneDrive-Personal/Projects/2023_data/skeena/photos/14000855/TimePhoto_20230912_133806_outlet.JPG,TimePhoto_20230912_133806_outlet.JPG,36
14000855,/Users/airvine/Library/CloudStorage/OneDrive-Personal/Projects/2023_data/skeena/photos/14000855/TimePhoto_20230912_133848_downstream.JPG,TimePhoto_20230912_133848_downstream.JPG,40
14000855,/Users/airvine/Library/CloudStorage/OneDrive-Personal/Projects/2023_data/skeena/photos/14000855/TimePhoto_20230912_133952_barrel.JPG,TimePhoto_20230912_133952_barrel.JPG,36
14000855,/Users/airvine/Library/CloudStorage/OneDrive-Personal/Projects/2023_data/skeena/photos/14000855/TimePhoto_20230912_134436_inlet.JPG,TimePhoto_20230912_134436_inlet.JPG,35
14000855,/Users/airvine/Library/CloudStorage/OneDrive-Personal/Projects/2023_data/skeena/photos/14000855/TimePhoto_20230912_134455_upstream.JPG,TimePhoto_20230912_134455_upstream.JPG,38
14000855,/Users/airvine/Library/CloudStorage/OneDrive-Personal/Projects/2023_data/skeena/photos/14000855/TimePhoto_20230912_134715_debrisjam.JPG,TimePhoto_20230912_134715_debrisjam.JPG,39
14001106,/Users/airvine/Library/CloudStorage/OneDrive-Personal/Projects/2023_data/skeena/photos/14001106/20230916_102305.JPG,20230916_102305.JPG,19
14001106,/Users/airvine/Library/CloudStorage/OneDrive-Personal/Projects/2023_data/skeena/photos/14001106/IMG_2417.JPG,IMG_2417.JPG,12
14001106,/Users/airvine/Library/CloudStorage/OneDrive-Personal/Projects/2023_data/skeena/photos/14001106/IMG_2418.JPG,IMG_2418.JPG,12
14001106,/Users/airvine/Library/CloudStorage/OneDrive-Personal/Projects/2023_data/skeena/photos/14001106/IMG_2420.JPG,IMG_2420.JPG,12
14001106,/Users/airvine/Library/CloudStorage/OneDrive-Personal/Projects/2023_data/skeena/photos/14001106/IMG_2421.JPG,IMG_2421.JPG,12
14001106,/Users/airvine/Library/CloudStorage/OneDrive-Personal/Projects/2023_data/skeena/photos/14001106/IMG_2422.JPG,IMG_2422.JPG,12
14001106,/Users/airvine/Library/CloudStorage/OneDrive-Personal/Projects/2023_data/skeena/photos/14001106/IMG_2423.JPG,IMG_2423.JPG,12
14001106,/Users/airvine/Library/CloudStorage/OneDrive-Personal/Projects/2023_data/skeena/photos/14001106/IMG_2425.JPG,IMG_2425.JPG,12
14001106,/Users/airvine/Library/CloudStorage/OneDrive-Personal/Projects/2023_data/skeena/photos/14001106/IMG_2426.JPG,IMG_2426.JPG,12
14001106,/Users/airvine/Library/CloudStorage/OneDrive-Personal/Projects/2023_data/skeena/photos/14001106/IMG_2427.JPG,IMG_2427.JPG,12
14001106,/Users/airvine/Library/CloudStorage/OneDrive-Personal/Projects/2023_data/skeena/photos/14001106/IMG_2428.JPG,IMG_2428.JPG,12
14001106,/Users/airvine/Library/CloudStorage/OneDrive-Personal/Projects/2023_data/skeena/photos/14001106/IMG_2430.JPG,IMG_2430.JPG,12
14001106,/Users/airvine/Library/CloudStorage/OneDrive-Personal/Projects/2023_data/skeena/photos/14001106/IMG_2431.JPG,IMG_2431.JPG,12
14001106,/Users/airvine/Library/CloudStorage/OneDrive-Personal/Projects/2023_data/skeena/photos/14001106/TimePhoto_20230912_150021_road.JPG,TimePhoto_20230912_150021_road.JPG,34
14001106,/Users/airvine/Library/CloudStorage/OneDrive-Personal/Projects/2023_data/skeena/photos/14001106/TimePhoto_20230912_150406_barrel.JPG,TimePhoto_20230912_150406_barrel.JPG,36
14001106,/Users/airvine/Library/CloudStorage/OneDrive-Personal/Projects/2023_data/skeena/photos/14001106/TimePhoto_20230912_150423_downstream.JPG,TimePhoto_20230912_150423_downstream.JPG,40
14001106,/Users/airvine/Library/CloudStorage/OneDrive-Personal/Projects/2023_data/skeena/photos/14001106/TimePhoto_20230912_150427_outlet.JPG,TimePhoto_20230912_150427_outlet.JPG,36
14001106,/Users/airvine/Library/CloudStorage/OneDrive-Personal/Projects/2023_data/skeena/photos/14001106/TimePhoto_20230912_150657_inlet.JPG,TimePhoto_20230912_150657_inlet.JPG,35
14001106,/Users/airvine/Library/CloudStorage/OneDrive-Personal/Projects/2023_data/skeena/photos/14001106/TimePhoto_20230912_150712_upstream.JPG,TimePhoto_20230912_150712_upstream.JPG,38
14001106,/Users/airvine/Library/CloudStorage/OneDrive-Personal/Projects/2023_data/skeena/photos/14001106/TimePhoto_20230916_104814.JPG,TimePhoto_20230916_104814.JPG,29
14001106,/Users/airvine/Library/CloudStorage/OneDrive-Personal/Projects/2023_data/skeena/photos/14001106/TimePhoto_20230916_105121.JPG,TimePhoto_20230916_105121.JPG,29
14001106,/Users/airvine/Library/CloudStorage/OneDrive-Personal/Projects/2023_data/skeena/photos/14001106/TimePhoto_20230916_105608_14001106_us_pool.JPG,TimePhoto_20230916_105608_14001106_us_pool.JPG,46
14001106,/Users/airvine/Library/CloudStorage/OneDrive-Personal/Projects/2023_data/skeena/photos/14001106/TimePhoto_20230916_110345_14001106_us_typical_1.JPG,TimePhoto_20230916_110345_14001106_us_typical_1.JPG,51
14001106,/Users/airvine/Library/CloudStorage/OneDrive-Personal/Projects/2023_data/skeena/photos/14001106/TimePhoto_20230916_110653.JPG,TimePhoto_20230916_110653.JPG,29
14001106,/Users/airvine/Library/CloudStorage/OneDrive-Personal/Projects/2023_data/skeena/photos/14001106/TimePhoto_20230916_111124.JPG,TimePhoto_20230916_111124.JPG,29
14001106,/Users/airvine/Library/CloudStorage/OneDrive-Personal/Projects/2023_data/skeena/photos/14001106/TimePhoto_20230916_112207_14001106_us_typical_2.JPG,TimePhoto_20230916_112207_14001106_us_typical_2.JPG,51
14001106,/Users/airvine/Library/CloudStorage/OneDrive-Personal/Projects/2023_data/skeena/photos/14001106/TimePhoto_20230916_112941.JPG,TimePhoto_20230916_112941.JPG,29
14001106,/Users/airvine/Library/CloudStorage/OneDrive-Personal/Projects/2023_data/skeena/photos/14001106/TimePhoto_20230916_114452_14001106_us_smallbridge.JPG,TimePhoto_20230916_114452_14001106_us_smallbridge.JPG,53
14001106,/Users/airvine/Library/CloudStorage/OneDrive-Personal/Projects/2023_data/skeena/photos/14001106/TimePhoto_20230916_120337_14001106_us_gravel.JPG,TimePhoto_20230916_120337_14001106_us_gravel.JPG,48
14000707,/Users/airvine/Library/CloudStorage/OneDrive-Personal/Projects/2023_data/skeena/photos/14000707/20230913_171459_road.JPG,20230913_171459_road.JPG,24
14000707,/Users/airvine/Library/CloudStorage/OneDrive-Personal/Projects/2023_data/skeena/photos/14000707/20230913_171505_barrel.JPG,20230913_171505_barrel.JPG,26
14000707,/Users/airvine/Library/CloudStorage/OneDrive-Personal/Projects/2023_data/skeena/photos/14000707/20230913_171509_upstream.JPG,20230913_171509_upstream.JPG,28
14000707,/Users/airvine/Library/CloudStorage/OneDrive-Personal/Projects/2023_data/skeena/photos/14000707/20230913_171515_inlet.JPG,20230913_171515_inlet.JPG,25
14000707,/Users/airvine/Library/CloudStorage/OneDrive-Personal/Projects/2023_data/skeena/photos/14000707/20230913_171522_outlet.JPG,20230913_171522_outlet.JPG,26
14000707,/Users/airvine/Library/CloudStorage/OneDrive-Personal/Projects/2023_data/skeena/photos/14000707/20230913_171526_downstream.JPG,20230913_171526_downstream.JPG,30
14000707,/Users/airvine/Library/CloudStorage/OneDrive-Personal/Projects/2023_data/skeena/photos/14000707/20230913_171532_condition.JPG,20230913_171532_condition.JPG,29
14000707,/Users/airvine/Library/CloudStorage/OneDrive-Personal/Projects/2023_data/skeena/photos/14000707/20230913_171549_paper_card.JPG,20230913_171549_paper_card.JPG,30
14000707,/Users/airvine/Library/CloudStorage/OneDrive-Personal/Projects/2023_data/skeena/photos/14000707/IMG_2264.JPG,IMG_2264.JPG,12
14000708,/Users/airvine/Library/CloudStorage/OneDrive-Personal/Projects/2023_data/skeena/photos/14000708/20230913_170824_paper_card.JPG,20230913_170824_paper_card.JPG,30
14000708,/Users/airvine/Library/CloudStorage/OneDrive-Personal/Projects/2023_data/skeena/photos/14000708/TimePhoto_20230913_165338_road.JPG,TimePhoto_20230913_165338_road.JPG,34
14000708,/Users/airvine/Library/CloudStorage/OneDrive-Personal/Projects/2023_data/skeena/photos/14000708/TimePhoto_20230913_165543_upstream.JPG,TimePhoto_20230913_165543_upstream.JPG,38
14000708,/Users/airvine/Library/CloudStorage/OneDrive-Personal/Projects/2023_data/skeena/photos/14000708/TimePhoto_20230913_165549_inlet.JPG,TimePhoto_20230913_165549_inlet.JPG,35
14000708,/Users/airvine/Library/CloudStorage/OneDrive-Personal/Projects/2023_data/skeena/photos/14000708/TimePhoto_20230913_165916_barrel.JPG,TimePhoto_20230913_165916_barrel.JPG,36
14000708,/Users/airvine/Library/CloudStorage/OneDrive-Personal/Projects/2023_data/skeena/photos/14000708/TimePhoto_20230913_165956_downstream.JPG,TimePhoto_20230913_165956_downstream.JPG,40
14000708,/Users/airvine/Library/CloudStorage/OneDrive-Personal/Projects/2023_data/skeena/photos/14000708/TimePhoto_20230913_170014_outlet.JPG,TimePhoto_20230913_170014_outlet.JPG,36
14000637,/Users/airvine/Library/CloudStorage/OneDrive-Personal/Projects/2023_data/skeena/photos/14000637/20230916_145312_road.JPG,20230916_145312_road.JPG,24
14000637,/Users/airvine/Library/CloudStorage/OneDrive-Personal/Projects/2023_data/skeena/photos/14000637/20230916_145315_barrel.JPG,20230916_145315_barrel.JPG,26
14000637,/Users/airvine/Library/CloudStorage/OneDrive-Personal/Projects/2023_data/skeena/photos/14000637/20230916_145321_upstream.JPG,20230916_145321_upstream.JPG,28
14000637,/Users/airvine/Library/CloudStorage/OneDrive-Personal/Projects/2023_data/skeena/photos/14000637/20230916_145326_inlet.JPG,20230916_145326_inlet.JPG,25
14000637,/Users/airvine/Library/CloudStorage/OneDrive-Personal/Projects/2023_data/skeena/photos/14000637/20230916_145329_outlet.JPG,20230916_145329_outlet.JPG,26
14000637,/Users/airvine/Library/CloudStorage/OneDrive-Personal/Projects/2023_data/skeena/photos/14000637/20230916_145332_downstream.JPG,20230916_145332_downstream.JPG,30
14000637,/Users/airvine/Library/CloudStorage/OneDrive-Personal/Projects/2023_data/skeena/photos/14000637/20230916_145341_paper_card.JPG,20230916_145341_paper_card.JPG,30
14000637,/Users/airvine/Library/CloudStorage/OneDrive-Personal/Projects/2023_data/skeena/photos/14000637/IMG_2439.JPG,IMG_2439.JPG,12
14001105,/Users/airvine/Library/CloudStorage/OneDrive-Personal/Projects/2023_data/skeena/photos/14001105/20230916_115754_paper_card.JPG,20230916_115754_paper_card.JPG,30
14001105,/Users/airvine/Library/CloudStorage/OneDrive-Personal/Projects/2023_data/skeena/photos/14001105/TimePhoto_20230916_115101_road.JPG,TimePhoto_20230916_115101_road.JPG,34
14001105,/Users/airvine/Library/CloudStorage/OneDrive-Personal/Projects/2023_data/skeena/photos/14001105/TimePhoto_20230916_115125_inlet.JPG,TimePhoto_20230916_115125_inlet.JPG,35
14001105,/Users/airvine/Library/CloudStorage/OneDrive-Personal/Projects/2023_data/skeena/photos/14001105/TimePhoto_20230916_115133_upstream.JPG,TimePhoto_20230916_115133_upstream.JPG,38
14001105,/Users/airvine/Library/CloudStorage/OneDrive-Personal/Projects/2023_data/skeena/photos/14001105/TimePhoto_20230916_115319_outlet.JPG,TimePhoto_20230916_115319_outlet.JPG,36
14001105,/Users/airvine/Library/CloudStorage/OneDrive-Personal/Projects/2023_data/skeena/photos/14001105/TimePhoto_20230916_115446_barrel.JPG,TimePhoto_20230916_115446_barrel.JPG,36
14001105,/Users/airvine/Library/CloudStorage/OneDrive-Personal/Projects/2023_data/skeena/photos/14001105/TimePhoto_20230916_115842_downstream.JPG,TimePhoto_20230916_115842_downstream.JPG,40
24600461,/Users/airvine/Library/CloudStorage/OneDrive-Personal/Projects/2023_data/skeena/photos/24600461/20230918_165322_road.JPG,20230918_165322_road.JPG,24
24600461,/Users/airvine/Library/CloudStorage/OneDrive-Personal/Projects/2023_data/skeena/photos/24600461/20230918_165326_barrel.JPG,20230918_165326_barrel.JPG,26
24600461,/Users/airvine/Library/CloudStorage/OneDrive-Personal/Projects/2023_data/skeena/photos/24600461/20230918_165335_upstream.JPG,20230918_165335_upstream.JPG,28
24600461,/Users/airvine/Library/CloudStorage/OneDrive-Personal/Projects/2023_data/skeena/photos/24600461/20230918_165342_inlet.JPG,20230918_165342_inlet.JPG,25
24600461,/Users/airvine/Library/CloudStorage/OneDrive-Personal/Projects/2023_data/skeena/photos/24600461/20230918_165348_outlet.JPG,20230918_165348_outlet.JPG,26
24600461,/Users/airvine/Library/CloudStorage/OneDrive-Personal/Projects/2023_data/skeena/photos/24600461/20230918_165438_downstream.JPG,20230918_165438_downstream.JPG,30
24600461,/Users/airvine/Library/CloudStorage/OneDrive-Personal/Projects/2023_data/skeena/photos/24600461/20230918_165507_paper_card.JPG,20230918_165507_paper_card.JPG,30
24601268,/Users/airvine/Library/CloudStorage/OneDrive-Personal/Projects/2023_data/skeena/photos/24601268/20230919_171437_paper_card.JPG,20230919_171437_paper_card.JPG,30
24601268,/Users/airvine/Library/CloudStorage/OneDrive-Personal/Projects/2023_data/skeena/photos/24601268/TimePhoto_20230919_170409_road.JPG,TimePhoto_20230919_170409_road.JPG,34
24601268,/Users/airvine/Library/CloudStorage/OneDrive-Personal/Projects/2023_data/skeena/photos/24601268/TimePhoto_20230919_170637_upstream.JPG,TimePhoto_20230919_170637_upstream.JPG,38
24601268,/Users/airvine/Library/CloudStorage/OneDrive-Personal/Projects/2023_data/skeena/photos/24601268/TimePhoto_20230919_170642_inlet.JPG,TimePhoto_20230919_170642_inlet.JPG,35
24601268,/Users/airvine/Library/CloudStorage/OneDrive-Personal/Projects/2023_data/skeena/photos/24601268/TimePhoto_20230919_170737_barrel.JPG,TimePhoto_20230919_170737_barrel.JPG,36
24601268,/Users/airvine/Library/CloudStorage/OneDrive-Personal/Projects/2023_data/skeena/photos/24601268/TimePhoto_20230919_170933_outlet.JPG,TimePhoto_20230919_170933_outlet.JPG,36
24601268,/Users/airvine/Library/CloudStorage/OneDrive-Personal/Projects/2023_data/skeena/photos/24601268/TimePhoto_20230919_170941_downstream.JPG,TimePhoto_20230919_170941_downstream.JPG,40
24601275,/Users/airvine/Library/CloudStorage/OneDrive-Personal/Projects/2023_data/skeena/photos/24601275/20230919_165009_road.JPG,20230919_165009_road.JPG,24
24601275,/Users/airvine/Library/CloudStorage/OneDrive-Personal/Projects/2023_data/skeena/photos/24601275/20230919_165012_barrel.JPG,20230919_165012_barrel.JPG,26
24601275,/Users/airvine/Library/CloudStorage/OneDrive-Personal/Projects/2023_data/skeena/photos/24601275/20230919_165016_upstream.JPG,20230919_165016_upstream.JPG,28
24601275,/Users/airvine/Library/CloudStorage/OneDrive-Personal/Projects/2023_data/skeena/photos/24601275/20230919_165024_inlet.JPG,20230919_165024_inlet.JPG,25
24601275,/Users/airvine/Library/CloudStorage/OneDrive-Personal/Projects/2023_data/skeena/photos/24601275/20230919_165027_outlet.JPG,20230919_165027_outlet.JPG,26
24601275,/Users/airvine/Library/CloudStorage/OneDrive-Personal/Projects/2023_data/skeena/photos/24601275/20230919_165033_downstream.JPG,20230919_165033_downstream.JPG,30
24601275,/Users/airvine/Library/CloudStorage/OneDrive-Personal/Projects/2023_data/skeena/photos/24601275/20230919_165039_kcert.JPG,20230919_165039_kcert.JPG,25
24601275,/Users/airvine/Library/CloudStorage/OneDrive-Personal/Projects/2023_data/skeena/photos/24601275/20230919_165240_paper_card.JPG,20230919_165240_paper_card.JPG,30
24601279,/Users/airvine/Library/CloudStorage/OneDrive-Personal/Projects/2023_data/skeena/photos/24601279/20230919_163413_paper_card.JPG,20230919_163413_paper_card.JPG,30
24601279,/Users/airvine/Library/CloudStorage/OneDrive-Personal/Projects/2023_data/skeena/photos/24601279/TimePhoto_20230919_161022_road.JPG,TimePhoto_20230919_161022_road.JPG,34
24601279,/Users/airvine/Library/CloudStorage/OneDrive-Personal/Projects/2023_data/skeena/photos/24601279/TimePhoto_20230919_161349_inlet.JPG,TimePhoto_20230919_161349_inlet.JPG,35
24601279,/Users/airvine/Library/CloudStorage/OneDrive-Personal/Projects/2023_data/skeena/photos/24601279/TimePhoto_20230919_161402_upstream.JPG,TimePhoto_20230919_161402_upstream.JPG,38
24601279,/Users/airvine/Library/CloudStorage/OneDrive-Personal/Projects/2023_data/skeena/photos/24601279/TimePhoto_20230919_161920_outlet.JPG,TimePhoto_20230919_161920_outlet.JPG,36
24601279,/Users/airvine/Library/CloudStorage/OneDrive-Personal/Projects/2023_data/skeena/photos/24601279/TimePhoto_20230919_161934_downstream.JPG,TimePhoto_20230919_161934_downstream.JPG,40
24601279,/Users/airvine/Library/CloudStorage/OneDrive-Personal/Projects/2023_data/skeena/photos/24601279/TimePhoto_20230919_161950_barrel.JPG,TimePhoto_20230919_161950_barrel.JPG,36
24601280,/Users/airvine/Library/CloudStorage/OneDrive-Personal/Projects/2023_data/skeena/photos/24601280/20230919_181605_24601280_us_gravel.JPG,20230919_181605_24601280_us_gravel.JPG,38
24601280,/Users/airvine/Library/CloudStorage/OneDrive-Personal/Projects/2023_data/skeena/photos/24601280/20230919_181608_24601280_us_pool.JPG,20230919_181608_24601280_us_pool.JPG,36
24601280,/Users/airvine/Library/CloudStorage/OneDrive-Personal/Projects/2023_data/skeena/photos/24601280/20230919_181620_24601280_us_typical_1.JPG,20230919_181620_24601280_us_typical_1.JPG,41
24601280,/Users/airvine/Library/CloudStorage/OneDrive-Personal/Projects/2023_data/skeena/photos/24601280/20230919_181623_24601280_us_typical_2.JPG,20230919_181623_24601280_us_typical_2.JPG,41
24601280,/Users/airvine/Library/CloudStorage/OneDrive-Personal/Projects/2023_data/skeena/photos/24601280/20230919_183958_road.JPG,20230919_183958_road.JPG,24
24601280,/Users/airvine/Library/CloudStorage/OneDrive-Personal/Projects/2023_data/skeena/photos/24601280/20230919_184007_barrel.JPG,20230919_184007_barrel.JPG,26
24601280,/Users/airvine/Library/CloudStorage/OneDrive-Personal/Projects/2023_data/skeena/photos/24601280/20230919_184017_upstream.JPG,20230919_184017_upstream.JPG,28
24601280,/Users/airvine/Library/CloudStorage/OneDrive-Personal/Projects/2023_data/skeena/photos/24601280/20230919_184024_inlet.JPG,20230919_184024_inlet.JPG,25
24601280,/Users/airvine/Library/CloudStorage/OneDrive-Personal/Projects/2023_data/skeena/photos/24601280/20230919_184028_outlet.JPG,20230919_184028_outlet.JPG,26
24601280,/Users/airvine/Library/CloudStorage/OneDrive-Personal/Projects/2023_data/skeena/photos/24601280/20230919_184058_downstream.JPG,20230919_184058_downstream.JPG,30
24601280,/Users/airvine/Library/CloudStorage/OneDrive-Personal/Projects/2023_data/skeena/photos/24601280/20230919_184122_paper_card.JPG,20230919_184122_paper_card.JPG,30
24601280,/Users/airvine/Library/CloudStorage/OneDrive-Personal/Projects/2023_data/skeena/photos/24601280/20230919_185101_24601280_ds_pool.JPG,20230919_185101_24601280_ds_pool.JPG,36
24601280,/Users/airvine/Library/CloudStorage/OneDrive-Personal/Projects/2023_data/skeena/photos/24601280/20230919_185107_24601280_ds_typical_1.JPG,20230919_185107_24601280_ds_typical_1.JPG,41
24601280,/Users/airvine/Library/CloudStorage/OneDrive-Personal/Projects/2023_data/skeena/photos/24601280/20230919_185110_24601280_ds_typical_2.JPG,20230919_185110_24601280_ds_typical_2.JPG,41
24601280,/Users/airvine/Library/CloudStorage/OneDrive-Personal/Projects/2023_data/skeena/photos/24601280/IMG_2576.JPG,IMG_2576.JPG,12
24601280,/Users/airvine/Library/CloudStorage/OneDrive-Personal/Projects/2023_data/skeena/photos/24601280/IMG_2577.JPG,IMG_2577.JPG,12
24601280,/Users/airvine/Library/CloudStorage/OneDrive-Personal/Projects/2023_data/skeena/photos/24601280/IMG_2579.JPG,IMG_2579.JPG,12
24601280,/Users/airvine/Library/CloudStorage/OneDrive-Personal/Projects/2023_data/skeena/photos/24601280/IMG_2580.JPG,IMG_2580.JPG,12
24601280,/Users/airvine/Library/CloudStorage/OneDrive-Personal/Projects/2023_data/skeena/photos/24601280/IMG_2582.JPG,IMG_2582.JPG,12
24601280,/Users/airvine/Library/CloudStorage/OneDrive-Personal/Projects/2023_data/skeena/photos/24601280/IMG_2584.JPG,IMG_2584.JPG,12
24601280,/Users/airvine/Library/CloudStorage/OneDrive-Personal/Projects/2023_data/skeena/photos/24601280/IMG_2585.JPG,IMG_2585.JPG,12
24601280,/Users/airvine/Library/CloudStorage/OneDrive-Personal/Projects/2023_data/skeena/photos/24601280/IMG_2587.JPG,IMG_2587.JPG,12
24601280,/Users/airvine/Library/CloudStorage/OneDrive-Personal/Projects/2023_data/skeena/photos/24601280/IMG_2589.JPG,IMG_2589.JPG,12
8300003,/Users/airvine/Library/CloudStorage/OneDrive-Personal/Projects/2023_data/skeena/photos/8300003/TimePhoto_20230925_101638_road.JPG,TimePhoto_20230925_101638_road.JPG,34
8300003,/Users/airvine/Library/CloudStorage/OneDrive-Personal/Projects/2023_data/skeena/photos/8300003/TimePhoto_20230925_102439_upstream.JPG,TimePhoto_20230925_102439_upstream.JPG,38
8300003,/Users/airvine/Library/CloudStorage/OneDrive-Personal/Projects/2023_data/skeena/photos/8300003/TimePhoto_20230925_103100_inlet.JPG,TimePhoto_20230925_103100_inlet.JPG,35
8300003,/Users/airvine/Library/CloudStorage/OneDrive-Personal/Projects/2023_data/skeena/photos/8300003/TimePhoto_20230925_103113_barrel.JPG,TimePhoto_20230925_103113_barrel.JPG,36
8300003,/Users/airvine/Library/CloudStorage/OneDrive-Personal/Projects/2023_data/skeena/photos/8300003/TimePhoto_20230925_103238.JPG,TimePhoto_20230925_103238.JPG,29
8300003,/Users/airvine/Library/CloudStorage/OneDrive-Personal/Projects/2023_data/skeena/photos/8300003/TimePhoto_20230925_103703_downstream.JPG,TimePhoto_20230925_103703_downstream.JPG,40
8300003,/Users/airvine/Library/CloudStorage/OneDrive-Personal/Projects/2023_data/skeena/photos/8300003/TimePhoto_20230925_103846_outlet.JPG,TimePhoto_20230925_103846_outlet.JPG,36
8300013,/Users/airvine/Library/CloudStorage/OneDrive-Personal/Projects/2023_data/skeena/photos/8300013/20230925_115704_paper_card.JPG,20230925_115704_paper_card.JPG,30
8300013,/Users/airvine/Library/CloudStorage/OneDrive-Personal/Projects/2023_data/skeena/photos/8300013/TimePhoto_20230925_113917_road.JPG,TimePhoto_20230925_113917_road.JPG,34
8300013,/Users/airvine/Library/CloudStorage/OneDrive-Personal/Projects/2023_data/skeena/photos/8300013/TimePhoto_20230925_114155_outlet.JPG,TimePhoto_20230925_114155_outlet.JPG,36
8300013,/Users/airvine/Library/CloudStorage/OneDrive-Personal/Projects/2023_data/skeena/photos/8300013/TimePhoto_20230925_114209_downstream.JPG,TimePhoto_20230925_114209_downstream.JPG,40
8300013,/Users/airvine/Library/CloudStorage/OneDrive-Personal/Projects/2023_data/skeena/photos/8300013/TimePhoto_20230925_114539_inlet.JPG,TimePhoto_20230925_114539_inlet.JPG,35
8300013,/Users/airvine/Library/CloudStorage/OneDrive-Personal/Projects/2023_data/skeena/photos/8300013/TimePhoto_20230925_114646_upstream.JPG,TimePhoto_20230925_114646_upstream.JPG,38
8300091,/Users/airvine/Library/CloudStorage/OneDrive-Personal/Projects/2023_data/skeena/photos/8300091/20230925_092137_paper_card.JPG,20230925_092137_paper_card.JPG,30
8300091,/Users/airvine/Library/CloudStorage/OneDrive-Personal/Projects/2023_data/skeena/photos/8300091/TimePhoto_20230925_090319_road.JPG,TimePhoto_20230925_090319_road.JPG,34
8300091,/Users/airvine/Library/CloudStorage/OneDrive-Personal/Projects/2023_data/skeena/photos/8300091/TimePhoto_20230925_090409_outlet.JPG,TimePhoto_20230925_090409_outlet.JPG,36
8300091,/Users/airvine/Library/CloudStorage/OneDrive-Personal/Projects/2023_data/skeena/photos/8300091/TimePhoto_20230925_090443_downstream.JPG,TimePhoto_20230925_090443_downstream.JPG,40
8300091,/Users/airvine/Library/CloudStorage/OneDrive-Personal/Projects/2023_data/skeena/photos/8300091/TimePhoto_20230925_090613_barrel.JPG,TimePhoto_20230925_090613_barrel.JPG,36
8300091,/Users/airvine/Library/CloudStorage/OneDrive-Personal/Projects/2023_data/skeena/photos/8300091/TimePhoto_20230925_091202_inlet.JPG,TimePhoto_20230925_091202_inlet.JPG,35
8300091,/Users/airvine/Library/CloudStorage/OneDrive-Personal/Projects/2023_data/skeena/photos/8300091/TimePhoto_20230925_091235_upstream.JPG,TimePhoto_20230925_091235_upstream.JPG,38
8300094,/Users/airvine/Library/CloudStorage/OneDrive-Personal/Projects/2023_data/skeena/photos/8300094/20230925_141203_paper_card.JPG,20230925_141203_paper_card.JPG,30
8300094,/Users/airvine/Library/CloudStorage/OneDrive-Personal/Projects/2023_data/skeena/photos/8300094/TimePhoto_20230925_135100_road.JPG,TimePhoto_20230925_135100_road.JPG,34
8300094,/Users/airvine/Library/CloudStorage/OneDrive-Personal/Projects/2023_data/skeena/photos/8300094/TimePhoto_20230925_135926_inlet.JPG,TimePhoto_20230925_135926_inlet.JPG,35
8300094,/Users/airvine/Library/CloudStorage/OneDrive-Personal/Projects/2023_data/skeena/photos/8300094/TimePhoto_20230925_140054_upstream.JPG,TimePhoto_20230925_140054_upstream.JPG,38
8300094,/Users/airvine/Library/CloudStorage/OneDrive-Personal/Projects/2023_data/skeena/photos/8300094/TimePhoto_20230925_140125_barrel.JPG,TimePhoto_20230925_140125_barrel.JPG,36
8300094,/Users/airvine/Library/CloudStorage/OneDrive-Personal/Projects/2023_data/skeena/photos/8300094/TimePhoto_20230925_140645_downstream.JPG,TimePhoto_20230925_140645_downstream.JPG,40
8300157,/Users/airvine/Library/CloudStorage/OneDrive-Personal/Projects/2023_data/skeena/photos/8300157/20230925_155012_road.JPG,20230925_155012_road.JPG,24
8300157,/Users/airvine/Library/CloudStorage/OneDrive-Personal/Projects/2023_data/skeena/photos/8300157/20230925_155017_barrel.JPG,20230925_155017_barrel.JPG,26
8300157,/Users/airvine/Library/CloudStorage/OneDrive-Personal/Projects/2023_data/skeena/photos/8300157/20230925_155045_inlet.JPG,20230925_155045_inlet.JPG,25
8300157,/Users/airvine/Library/CloudStorage/OneDrive-Personal/Projects/2023_data/skeena/photos/8300157/20230925_155156_upstream.JPG,20230925_155156_upstream.JPG,28
8300157,/Users/airvine/Library/CloudStorage/OneDrive-Personal/Projects/2023_data/skeena/photos/8300157/20230925_155208_outlet.JPG,20230925_155208_outlet.JPG,26
8300157,/Users/airvine/Library/CloudStorage/OneDrive-Personal/Projects/2023_data/skeena/photos/8300157/20230925_155212_downstream.JPG,20230925_155212_downstream.JPG,30
8300157,/Users/airvine/Library/CloudStorage/OneDrive-Personal/Projects/2023_data/skeena/photos/8300157/20230925_155220_condition.JPG,20230925_155220_condition.JPG,29
8300157,/Users/airvine/Library/CloudStorage/OneDrive-Personal/Projects/2023_data/skeena/photos/8300157/20230925_155230_paper_card.JPG,20230925_155230_paper_card.JPG,30
8300157,/Users/airvine/Library/CloudStorage/OneDrive-Personal/Projects/2023_data/skeena/photos/8300157/IMG_2926.JPG,IMG_2926.JPG,12
8300157,/Users/airvine/Library/CloudStorage/OneDrive-Personal/Projects/2023_data/skeena/photos/8300157/IMG_2929.JPG,IMG_2929.JPG,12
8300756,/Users/airvine/Library/CloudStorage/OneDrive-Personal/Projects/2023_data/skeena/photos/8300756/20230925_100158_paper_card.JPG,20230925_100158_paper_card.JPG,30
8300756,/Users/airvine/Library/CloudStorage/OneDrive-Personal/Projects/2023_data/skeena/photos/8300756/TimePhoto_20230925_094019_barrel.JPG,TimePhoto_20230925_094019_barrel.JPG,36
8300756,/Users/airvine/Library/CloudStorage/OneDrive-Personal/Projects/2023_data/skeena/photos/8300756/TimePhoto_20230925_094053_outlet.JPG,TimePhoto_20230925_094053_outlet.JPG,36
8300756,/Users/airvine/Library/CloudStorage/OneDrive-Personal/Projects/2023_data/skeena/photos/8300756/TimePhoto_20230925_094059_downstream.JPG,TimePhoto_20230925_094059_downstream.JPG,40
8300756,/Users/airvine/Library/CloudStorage/OneDrive-Personal/Projects/2023_data/skeena/photos/8300756/TimePhoto_20230925_094717_inlet.JPG,TimePhoto_20230925_094717_inlet.JPG,35
8300756,/Users/airvine/Library/CloudStorage/OneDrive-Personal/Projects/2023_data/skeena/photos/8300756/TimePhoto_20230925_094749_road.JPG,TimePhoto_20230925_094749_road.JPG,34
8300756,/Users/airvine/Library/CloudStorage/OneDrive-Personal/Projects/2023_data/skeena/photos/8300756/TimePhoto_20230925_094830.JPG,TimePhoto_20230925_094830.JPG,29
8300759,/Users/airvine/Library/CloudStorage/OneDrive-Personal/Projects/2023_data/skeena/photos/8300759/20230925_111535_paper_card.JPG,20230925_111535_paper_card.JPG,30
8300759,/Users/airvine/Library/CloudStorage/OneDrive-Personal/Projects/2023_data/skeena/photos/8300759/TimePhoto_20230925_105359_road.JPG,TimePhoto_20230925_105359_road.JPG,34
8300759,/Users/airvine/Library/CloudStorage/OneDrive-Personal/Projects/2023_data/skeena/photos/8300759/TimePhoto_20230925_110024_barrel.JPG,TimePhoto_20230925_110024_barrel.JPG,36
8300759,/Users/airvine/Library/CloudStorage/OneDrive-Personal/Projects/2023_data/skeena/photos/8300759/TimePhoto_20230925_110749_downstream.JPG,TimePhoto_20230925_110749_downstream.JPG,40
8300759,/Users/airvine/Library/CloudStorage/OneDrive-Personal/Projects/2023_data/skeena/photos/8300759/TimePhoto_20230925_111006_outlet.JPG,TimePhoto_20230925_111006_outlet.JPG,36
8300759,/Users/airvine/Library/CloudStorage/OneDrive-Personal/Projects/2023_data/skeena/photos/8300759/TimePhoto_20230925_111159_inlet.JPG,TimePhoto_20230925_111159_inlet.JPG,35
8300759,/Users/airvine/Library/CloudStorage/OneDrive-Personal/Projects/2023_data/skeena/photos/8300759/TimePhoto_20230925_111219_upstream.JPG,TimePhoto_20230925_111219_upstream.JPG,38
8300872,/Users/airvine/Library/CloudStorage/OneDrive-Personal/Projects/2023_data/skeena/photos/8300872/20230925_123208_paper_card.JPG,20230925_123208_paper_card.JPG,30
8300872,/Users/airvine/Library/CloudStorage/OneDrive-Personal/Projects/2023_data/skeena/photos/8300872/TimePhoto_20230925_120438_road.JPG,TimePhoto_20230925_120438_road.JPG,34
8300872,/Users/airvine/Library/CloudStorage/OneDrive-Personal/Projects/2023_data/skeena/photos/8300872/TimePhoto_20230925_120812_outlet.JPG,TimePhoto_20230925_120812_outlet.JPG,36
8300872,/Users/airvine/Library/CloudStorage/OneDrive-Personal/Projects/2023_data/skeena/photos/8300872/TimePhoto_20230925_120909_gravels.JPG,TimePhoto_20230925_120909_gravels.JPG,37
8300872,/Users/airvine/Library/CloudStorage/OneDrive-Personal/Projects/2023_data/skeena/photos/8300872/TimePhoto_20230925_121107_downstream.JPG,TimePhoto_20230925_121107_downstream.JPG,40
8300872,/Users/airvine/Library/CloudStorage/OneDrive-Personal/Projects/2023_data/skeena/photos/8300872/TimePhoto_20230925_121335_barrel.JPG,TimePhoto_20230925_121335_barrel.JPG,36
8300872,/Users/airvine/Library/CloudStorage/OneDrive-Personal/Projects/2023_data/skeena/photos/8300872/TimePhoto_20230925_121948_inlet.JPG,TimePhoto_20230925_121948_inlet.JPG,35
8300872,/Users/airvine/Library/CloudStorage/OneDrive-Personal/Projects/2023_data/skeena/photos/8300872/TimePhoto_20230925_122228_upstream.JPG,TimePhoto_20230925_122228_upstream.JPG,38
8300970,/Users/airvine/Library/CloudStorage/OneDrive-Personal/Projects/2023_data/skeena/photos/8300970/TimePhoto_20230925_144335_road.JPG,TimePhoto_20230925_144335_road.JPG,34
8300970,/Users/airvine/Library/CloudStorage/OneDrive-Personal/Projects/2023_data/skeena/photos/8300970/TimePhoto_20230925_144643_barrel.JPG,TimePhoto_20230925_144643_barrel.JPG,36
8300970,/Users/airvine/Library/CloudStorage/OneDrive-Personal/Projects/2023_data/skeena/photos/8300970/TimePhoto_20230925_144643_inlet.JPG,TimePhoto_20230925_144643_inlet.JPG,35
8300970,/Users/airvine/Library/CloudStorage/OneDrive-Personal/Projects/2023_data/skeena/photos/8300970/TimePhoto_20230925_145041_upstream.JPG,TimePhoto_20230925_145041_upstream.JPG,38
8300970,/Users/airvine/Library/CloudStorage/OneDrive-Personal/Projects/2023_data/skeena/photos/8300970/TimePhoto_20230925_145820.JPG,TimePhoto_20230925_145820.JPG,29
8300970,/Users/airvine/Library/CloudStorage/OneDrive-Personal/Projects/2023_data/skeena/photos/8300970/TimePhoto_20230925_150254_outlet.JPG,TimePhoto_20230925_150254_outlet.JPG,36
8300970,/Users/airvine/Library/CloudStorage/OneDrive-Personal/Projects/2023_data/skeena/photos/8300970/TimePhoto_20230925_150355_downstream.JPG,TimePhoto_20230925_150355_downstream.JPG,40
8302868,/Users/airvine/Library/CloudStorage/OneDrive-Personal/Projects/2023_data/skeena/photos/8302868/20230925_114728_road.JPG,20230925_114728_road.JPG,24
8302868,/Users/airvine/Library/CloudStorage/OneDrive-Personal/Projects/2023_data/skeena/photos/8302868/20230925_114731_barrel.JPG,20230925_114731_barrel.JPG,26
8302868,/Users/airvine/Library/CloudStorage/OneDrive-Personal/Projects/2023_data/skeena/photos/8302868/20230925_114739_upstream.JPG,20230925_114739_upstream.JPG,28
8302868,/Users/airvine/Library/CloudStorage/OneDrive-Personal/Projects/2023_data/skeena/photos/8302868/20230925_114745_inlet.JPG,20230925_114745_inlet.JPG,25
8302868,/Users/airvine/Library/CloudStorage/OneDrive-Personal/Projects/2023_data/skeena/photos/8302868/20230925_114757_outlet.JPG,20230925_114757_outlet.JPG,26
8302868,/Users/airvine/Library/CloudStorage/OneDrive-Personal/Projects/2023_data/skeena/photos/8302868/20230925_114800_downstream.JPG,20230925_114800_downstream.JPG,30
8302868,/Users/airvine/Library/CloudStorage/OneDrive-Personal/Projects/2023_data/skeena/photos/8302868/20230925_114806_condition.JPG,20230925_114806_condition.JPG,29
8302868,/Users/airvine/Library/CloudStorage/OneDrive-Personal/Projects/2023_data/skeena/photos/8302868/20230925_114813_drop.JPG,20230925_114813_drop.JPG,24
8302868,/Users/airvine/Library/CloudStorage/OneDrive-Personal/Projects/2023_data/skeena/photos/8302868/20230925_114846_paper_card.JPG,20230925_114846_paper_card.JPG,30
8302868,/Users/airvine/Library/CloudStorage/OneDrive-Personal/Projects/2023_data/skeena/photos/8302868/20230925_115016_sheetpilings.JPG,20230925_115016_sheetpilings.JPG,32
8302868,/Users/airvine/Library/CloudStorage/OneDrive-Personal/Projects/2023_data/skeena/photos/8302868/IMG_2901.JPG,IMG_2901.JPG,12
8302868,/Users/airvine/Library/CloudStorage/OneDrive-Personal/Projects/2023_data/skeena/photos/8302868/IMG_2902.JPG,IMG_2902.JPG,12
8302868,/Users/airvine/Library/CloudStorage/OneDrive-Personal/Projects/2023_data/skeena/photos/8302868/IMG_2908.JPG,IMG_2908.JPG,12
8302869,/Users/airvine/Library/CloudStorage/OneDrive-Personal/Projects/2023_data/skeena/photos/8302869/20230925_134357_road.JPG,20230925_134357_road.JPG,24
8302869,/Users/airvine/Library/CloudStorage/OneDrive-Personal/Projects/2023_data/skeena/photos/8302869/20230925_134400_barrel.JPG,20230925_134400_barrel.JPG,26
8302869,/Users/airvine/Library/CloudStorage/OneDrive-Personal/Projects/2023_data/skeena/photos/8302869/20230925_134410_upstream.JPG,20230925_134410_upstream.JPG,28
8302869,/Users/airvine/Library/CloudStorage/OneDrive-Personal/Projects/2023_data/skeena/photos/8302869/20230925_134416_inlet.JPG,20230925_134416_inlet.JPG,25
8302869,/Users/airvine/Library/CloudStorage/OneDrive-Personal/Projects/2023_data/skeena/photos/8302869/20230925_134423_outlet.JPG,20230925_134423_outlet.JPG,26
8302869,/Users/airvine/Library/CloudStorage/OneDrive-Personal/Projects/2023_data/skeena/photos/8302869/20230925_134426_downstream.JPG,20230925_134426_downstream.JPG,30
8302869,/Users/airvine/Library/CloudStorage/OneDrive-Personal/Projects/2023_data/skeena/photos/8302869/20230925_134447_condition.JPG,20230925_134447_condition.JPG,29
8302869,/Users/airvine/Library/CloudStorage/OneDrive-Personal/Projects/2023_data/skeena/photos/8302869/20230925_134514_paper_card.JPG,20230925_134514_paper_card.JPG,30
8302869,/Users/airvine/Library/CloudStorage/OneDrive-Personal/Projects/2023_data/skeena/photos/8302869/IMG_2915.JPG,IMG_2915.JPG,12
8302869,/Users/airvine/Library/CloudStorage/OneDrive-Personal/Projects/2023_data/skeena/photos/8302869/IMG_2918.JPG,IMG_2918.JPG,12
8302869,/Users/airvine/Library/CloudStorage/OneDrive-Personal/Projects/2023_data/skeena/photos/8302869/IMG_2924.JPG,IMG_2924.JPG,12
8800020,/Users/airvine/Library/CloudStorage/OneDrive-Personal/Projects/2023_data/skeena/photos/8800020/20230925_163049_road.JPG,20230925_163049_road.JPG,24
8800020,/Users/airvine/Library/CloudStorage/OneDrive-Personal/Projects/2023_data/skeena/photos/8800020/20230925_163052_barrel.JPG,20230925_163052_barrel.JPG,26
8800020,/Users/airvine/Library/CloudStorage/OneDrive-Personal/Projects/2023_data/skeena/photos/8800020/20230925_163056_upstream.JPG,20230925_163056_upstream.JPG,28
8800020,/Users/airvine/Library/CloudStorage/OneDrive-Personal/Projects/2023_data/skeena/photos/8800020/20230925_163059_inlet.JPG,20230925_163059_inlet.JPG,25
8800020,/Users/airvine/Library/CloudStorage/OneDrive-Personal/Projects/2023_data/skeena/photos/8800020/20230925_163103_outlet.JPG,20230925_163103_outlet.JPG,26
8800020,/Users/airvine/Library/CloudStorage/OneDrive-Personal/Projects/2023_data/skeena/photos/8800020/20230925_163106_downstream.JPG,20230925_163106_downstream.JPG,30
8800020,/Users/airvine/Library/CloudStorage/OneDrive-Personal/Projects/2023_data/skeena/photos/8800020/20230925_163125_paper_card.JPG,20230925_163125_paper_card.JPG,30
8800072,/Users/airvine/Library/CloudStorage/OneDrive-Personal/Projects/2023_data/skeena/photos/8800072/20230925_161949_paper_card.JPG,20230925_161949_paper_card.JPG,30
8800072,/Users/airvine/Library/CloudStorage/OneDrive-Personal/Projects/2023_data/skeena/photos/8800072/TimePhoto_20230925_160033_road.JPG,TimePhoto_20230925_160033_road.JPG,34
8800072,/Users/airvine/Library/CloudStorage/OneDrive-Personal/Projects/2023_data/skeena/photos/8800072/TimePhoto_20230925_160245_downstream.JPG,TimePhoto_20230925_160245_downstream.JPG,40
8800072,/Users/airvine/Library/CloudStorage/OneDrive-Personal/Projects/2023_data/skeena/photos/8800072/TimePhoto_20230925_160307_outlet.JPG,TimePhoto_20230925_160307_outlet.JPG,36
8800072,/Users/airvine/Library/CloudStorage/OneDrive-Personal/Projects/2023_data/skeena/photos/8800072/TimePhoto_20230925_160334.JPG,TimePhoto_20230925_160334.JPG,29
8800072,/Users/airvine/Library/CloudStorage/OneDrive-Personal/Projects/2023_data/skeena/photos/8800072/TimePhoto_20230925_160657_barrel.JPG,TimePhoto_20230925_160657_barrel.JPG,36
8800072,/Users/airvine/Library/CloudStorage/OneDrive-Personal/Projects/2023_data/skeena/photos/8800072/TimePhoto_20230925_161148_inlet.JPG,TimePhoto_20230925_161148_inlet.JPG,35
8800072,/Users/airvine/Library/CloudStorage/OneDrive-Personal/Projects/2023_data/skeena/photos/8800072/TimePhoto_20230925_161156_upstream.JPG,TimePhoto_20230925_161156_upstream.JPG,38
8800026,/Users/airvine/Library/CloudStorage/OneDrive-Personal/Projects/2023_data/skeena/photos/8800026/20230926_103731_road.JPG,20230926_103731_road.JPG,24
8800026,/Users/airvine/Library/CloudStorage/OneDrive-Personal/Projects/2023_data/skeena/photos/8800026/20230926_103734_barrel.JPG,20230926_103734_barrel.JPG,26
8800026,/Users/airvine/Library/CloudStorage/OneDrive-Personal/Projects/2023_data/skeena/photos/8800026/20230926_103738_upstream.JPG,20230926_103738_upstream.JPG,28
8800026,/Users/airvine/Library/CloudStorage/OneDrive-Personal/Projects/2023_data/skeena/photos/8800026/20230926_103745_inlet.JPG,20230926_103745_inlet.JPG,25
8800026,/Users/airvine/Library/CloudStorage/OneDrive-Personal/Projects/2023_data/skeena/photos/8800026/20230926_103750_outlet.JPG,20230926_103750_outlet.JPG,26
8800026,/Users/airvine/Library/CloudStorage/OneDrive-Personal/Projects/2023_data/skeena/photos/8800026/20230926_103757_downstream.JPG,20230926_103757_downstream.JPG,30
8800026,/Users/airvine/Library/CloudStorage/OneDrive-Personal/Projects/2023_data/skeena/photos/8800026/20230926_103821_condition.JPG,20230926_103821_condition.JPG,29
8800026,/Users/airvine/Library/CloudStorage/OneDrive-Personal/Projects/2023_data/skeena/photos/8800026/20230926_103848_spawners.JPG,20230926_103848_spawners.JPG,28
8800026,/Users/airvine/Library/CloudStorage/OneDrive-Personal/Projects/2023_data/skeena/photos/8800026/20230926_103919_paper_card.JPG,20230926_103919_paper_card.JPG,30
8800026,/Users/airvine/Library/CloudStorage/OneDrive-Personal/Projects/2023_data/skeena/photos/8800026/IMG_2978.JPG,IMG_2978.JPG,12
8800026,/Users/airvine/Library/CloudStorage/OneDrive-Personal/Projects/2023_data/skeena/photos/8800026/IMG_2979.JPG,IMG_2979.JPG,12
8800026,/Users/airvine/Library/CloudStorage/OneDrive-Personal/Projects/2023_data/skeena/photos/8800026/IMG_2981.JPG,IMG_2981.JPG,12
8800026,/Users/airvine/Library/CloudStorage/OneDrive-Personal/Projects/2023_data/skeena/photos/8800026/IMG_2982.JPG,IMG_2982.JPG,12
8800026,/Users/airvine/Library/CloudStorage/OneDrive-Personal/Projects/2023_data/skeena/photos/8800026/IMG_2984.JPG,IMG_2984.JPG,12
8800026,/Users/airvine/Library/CloudStorage/OneDrive-Personal/Projects/2023_data/skeena/photos/8800026/IMG_2986.JPG,IMG_2986.JPG,12
8800026,/Users/airvine/Library/CloudStorage/OneDrive-Personal/Projects/2023_data/skeena/photos/8800026/IMG_2988.JPG,IMG_2988.JPG,12
8800026,/Users/airvine/Library/CloudStorage/OneDrive-Personal/Projects/2023_data/skeena/photos/8800026/IMG_2990.JPG,IMG_2990.JPG,12
8800026,/Users/airvine/Library/CloudStorage/OneDrive-Personal/Projects/2023_data/skeena/photos/8800026/IMG_2991.JPG,IMG_2991.JPG,12
8800026,/Users/airvine/Library/CloudStorage/OneDrive-Personal/Projects/2023_data/skeena/photos/8800026/IMG_2995.JPG,IMG_2995.JPG,12
8800047,/Users/airvine/Library/CloudStorage/OneDrive-Personal/Projects/2023_data/skeena/photos/8800047/20230926_101221_paper_card.JPG,20230926_101221_paper_card.JPG,30
8800047,/Users/airvine/Library/CloudStorage/OneDrive-Personal/Projects/2023_data/skeena/photos/8800047/TimePhoto_20230926_095408_road.JPG,TimePhoto_20230926_095408_road.JPG,34
8800047,/Users/airvine/Library/CloudStorage/OneDrive-Personal/Projects/2023_data/skeena/photos/8800047/TimePhoto_20230926_095515_inlet.JPG,TimePhoto_20230926_095515_inlet.JPG,35
8800047,/Users/airvine/Library/CloudStorage/OneDrive-Personal/Projects/2023_data/skeena/photos/8800047/TimePhoto_20230926_095525_barrel.JPG,TimePhoto_20230926_095525_barrel.JPG,36
8800047,/Users/airvine/Library/CloudStorage/OneDrive-Personal/Projects/2023_data/skeena/photos/8800047/TimePhoto_20230926_095922_upstream.JPG,TimePhoto_20230926_095922_upstream.JPG,38
8800047,/Users/airvine/Library/CloudStorage/OneDrive-Personal/Projects/2023_data/skeena/photos/8800047/TimePhoto_20230926_100521_downstream.JPG,TimePhoto_20230926_100521_downstream.JPG,40
8800047,/Users/airvine/Library/CloudStorage/OneDrive-Personal/Projects/2023_data/skeena/photos/8800047/TimePhoto_20230926_100529_outlet.JPG,TimePhoto_20230926_100529_outlet.JPG,36
8800056,/Users/airvine/Library/CloudStorage/OneDrive-Personal/Projects/2023_data/skeena/photos/8800056/20230926_093729_paper_card.JPG,20230926_093729_paper_card.JPG,30
8800056,/Users/airvine/Library/CloudStorage/OneDrive-Personal/Projects/2023_data/skeena/photos/8800056/TimePhoto_20230926_091430_inlet.JPG,TimePhoto_20230926_091430_inlet.JPG,35
8800056,/Users/airvine/Library/CloudStorage/OneDrive-Personal/Projects/2023_data/skeena/photos/8800056/TimePhoto_20230926_091445_barrel.JPG,TimePhoto_20230926_091445_barrel.JPG,36
8800056,/Users/airvine/Library/CloudStorage/OneDrive-Personal/Projects/2023_data/skeena/photos/8800056/TimePhoto_20230926_092719_outlet.JPG,TimePhoto_20230926_092719_outlet.JPG,36
8800056,/Users/airvine/Library/CloudStorage/OneDrive-Personal/Projects/2023_data/skeena/photos/8800056/TimePhoto_20230926_092750_downstream.JPG,TimePhoto_20230926_092750_downstream.JPG,40
8800056,/Users/airvine/Library/CloudStorage/OneDrive-Personal/Projects/2023_data/skeena/photos/8800056/TimePhoto_20230926_093807_road.JPG,TimePhoto_20230926_093807_road.JPG,34
8800056,/Users/airvine/Library/CloudStorage/OneDrive-Personal/Projects/2023_data/skeena/photos/8800056/TimePhoto_20230926_093953_upstream.JPG,TimePhoto_20230926_093953_upstream.JPG,38
8800070,/Users/airvine/Library/CloudStorage/OneDrive-Personal/Projects/2023_data/skeena/photos/8800070/20230926_094143_road.JPG,20230926_094143_road.JPG,24
8800070,/Users/airvine/Library/CloudStorage/OneDrive-Personal/Projects/2023_data/skeena/photos/8800070/20230926_094145_barrel.JPG,20230926_094145_barrel.JPG,26
8800070,/Users/airvine/Library/CloudStorage/OneDrive-Personal/Projects/2023_data/skeena/photos/8800070/20230926_094149_upstream.JPG,20230926_094149_upstream.JPG,28
8800070,/Users/airvine/Library/CloudStorage/OneDrive-Personal/Projects/2023_data/skeena/photos/8800070/20230926_094153_inlet.JPG,20230926_094153_inlet.JPG,25
8800070,/Users/airvine/Library/CloudStorage/OneDrive-Personal/Projects/2023_data/skeena/photos/8800070/20230926_094155_outlet.JPG,20230926_094155_outlet.JPG,26
8800070,/Users/airvine/Library/CloudStorage/OneDrive-Personal/Projects/2023_data/skeena/photos/8800070/20230926_094158_downstream.JPG,20230926_094158_downstream.JPG,30
8800070,/Users/airvine/Library/CloudStorage/OneDrive-Personal/Projects/2023_data/skeena/photos/8800070/20230926_094206_paper_card.JPG,20230926_094206_paper_card.JPG,30
8800070,/Users/airvine/Library/CloudStorage/OneDrive-Personal/Projects/2023_data/skeena/photos/8800070/IMG_2961.JPG,IMG_2961.JPG,12
8800070,/Users/airvine/Library/CloudStorage/OneDrive-Personal/Projects/2023_data/skeena/photos/8800070/IMG_2962.JPG,IMG_2962.JPG,12
8800076,/Users/airvine/Library/CloudStorage/OneDrive-Personal/Projects/2023_data/skeena/photos/8800076/20230926_141149_paper_card.JPG,20230926_141149_paper_card.JPG,30
8800076,/Users/airvine/Library/CloudStorage/OneDrive-Personal/Projects/2023_data/skeena/photos/8800076/TimePhoto_20230926_135208_road.JPG,TimePhoto_20230926_135208_road.JPG,34
8800076,/Users/airvine/Library/CloudStorage/OneDrive-Personal/Projects/2023_data/skeena/photos/8800076/TimePhoto_20230926_135411_inlet.JPG,TimePhoto_20230926_135411_inlet.JPG,35
8800076,/Users/airvine/Library/CloudStorage/OneDrive-Personal/Projects/2023_data/skeena/photos/8800076/TimePhoto_20230926_135423_upstream.JPG,TimePhoto_20230926_135423_upstream.JPG,38
8800076,/Users/airvine/Library/CloudStorage/OneDrive-Personal/Projects/2023_data/skeena/photos/8800076/TimePhoto_20230926_140149_barrel.JPG,TimePhoto_20230926_140149_barrel.JPG,36
8800076,/Users/airvine/Library/CloudStorage/OneDrive-Personal/Projects/2023_data/skeena/photos/8800076/TimePhoto_20230926_140551_downstream.JPG,TimePhoto_20230926_140551_downstream.JPG,40
8800076,/Users/airvine/Library/CloudStorage/OneDrive-Personal/Projects/2023_data/skeena/photos/8800076/TimePhoto_20230926_140628_outlet.JPG,TimePhoto_20230926_140628_outlet.JPG,36
8800130,/Users/airvine/Library/CloudStorage/OneDrive-Personal/Projects/2023_data/skeena/photos/8800130/TimePhoto_20230926_110112.JPG,TimePhoto_20230926_110112.JPG,29
8800130,/Users/airvine/Library/CloudStorage/OneDrive-Personal/Projects/2023_data/skeena/photos/8800130/TimePhoto_20230926_111601_road.JPG,TimePhoto_20230926_111601_road.JPG,34
8800130,/Users/airvine/Library/CloudStorage/OneDrive-Personal/Projects/2023_data/skeena/photos/8800130/TimePhoto_20230926_112641_inlet.JPG,TimePhoto_20230926_112641_inlet.JPG,35
8800130,/Users/airvine/Library/CloudStorage/OneDrive-Personal/Projects/2023_data/skeena/photos/8800130/TimePhoto_20230926_112653_upstream.JPG,TimePhoto_20230926_112653_upstream.JPG,38
8800130,/Users/airvine/Library/CloudStorage/OneDrive-Personal/Projects/2023_data/skeena/photos/8800130/TimePhoto_20230926_113017_barrel.JPG,TimePhoto_20230926_113017_barrel.JPG,36
8800130,/Users/airvine/Library/CloudStorage/OneDrive-Personal/Projects/2023_data/skeena/photos/8800130/TimePhoto_20230926_113841_downstream.JPG,TimePhoto_20230926_113841_downstream.JPG,40
8800130,/Users/airvine/Library/CloudStorage/OneDrive-Personal/Projects/2023_data/skeena/photos/8800130/TimePhoto_20230926_113846_outlet.JPG,TimePhoto_20230926_113846_outlet.JPG,36
8800140,/Users/airvine/Library/CloudStorage/OneDrive-Personal/Projects/2023_data/skeena/photos/8800140/20230926_132551_road.JPG,20230926_132551_road.JPG,24
8800140,/Users/airvine/Library/CloudStorage/OneDrive-Personal/Projects/2023_data/skeena/photos/8800140/20230926_132557_barrel.JPG,20230926_132557_barrel.JPG,26
8800140,/Users/airvine/Library/CloudStorage/OneDrive-Personal/Projects/2023_data/skeena/photos/8800140/20230926_132603_upstream.JPG,20230926_132603_upstream.JPG,28
8800140,/Users/airvine/Library/CloudStorage/OneDrive-Personal/Projects/2023_data/skeena/photos/8800140/20230926_132609_inlet.JPG,20230926_132609_inlet.JPG,25
8800140,/Users/airvine/Library/CloudStorage/OneDrive-Personal/Projects/2023_data/skeena/photos/8800140/20230926_132620_outlet.JPG,20230926_132620_outlet.JPG,26
8800140,/Users/airvine/Library/CloudStorage/OneDrive-Personal/Projects/2023_data/skeena/photos/8800140/20230926_132623_downstream.JPG,20230926_132623_downstream.JPG,30
8800140,/Users/airvine/Library/CloudStorage/OneDrive-Personal/Projects/2023_data/skeena/photos/8800140/20230926_132626_condition.JPG,20230926_132626_condition.JPG,29
8800140,/Users/airvine/Library/CloudStorage/OneDrive-Personal/Projects/2023_data/skeena/photos/8800140/20230926_132631_skeena.JPG,20230926_132631_skeena.JPG,26
8800140,/Users/airvine/Library/CloudStorage/OneDrive-Personal/Projects/2023_data/skeena/photos/8800140/20230926_132657_paper_card.JPG,20230926_132657_paper_card.JPG,30
8800140,/Users/airvine/Library/CloudStorage/OneDrive-Personal/Projects/2023_data/skeena/photos/8800140/IMG_3031.JPG,IMG_3031.JPG,12
8800144,/Users/airvine/Library/CloudStorage/OneDrive-Personal/Projects/2023_data/skeena/photos/8800144/TimePhoto_20230926_125243_barrel.JPG,TimePhoto_20230926_125243_barrel.JPG,36
8800144,/Users/airvine/Library/CloudStorage/OneDrive-Personal/Projects/2023_data/skeena/photos/8800144/TimePhoto_20230926_131900_road.JPG,TimePhoto_20230926_131900_road.JPG,34
8800144,/Users/airvine/Library/CloudStorage/OneDrive-Personal/Projects/2023_data/skeena/photos/8800144/TimePhoto_20230926_132900_inlet.JPG,TimePhoto_20230926_132900_inlet.JPG,35
8800144,/Users/airvine/Library/CloudStorage/OneDrive-Personal/Projects/2023_data/skeena/photos/8800144/TimePhoto_20230926_132906.JPG,TimePhoto_20230926_132906.JPG,29
8800144,/Users/airvine/Library/CloudStorage/OneDrive-Personal/Projects/2023_data/skeena/photos/8800144/TimePhoto_20230926_132919_upstream.JPG,TimePhoto_20230926_132919_upstream.JPG,38
8800144,/Users/airvine/Library/CloudStorage/OneDrive-Personal/Projects/2023_data/skeena/photos/8800144/TimePhoto_20230926_133050_downstream.JPG,TimePhoto_20230926_133050_downstream.JPG,40
8800144,/Users/airvine/Library/CloudStorage/OneDrive-Personal/Projects/2023_data/skeena/photos/8800144/TimePhoto_20230926_133112_outlet.JPG,TimePhoto_20230926_133112_outlet.JPG,36
8800149,/Users/airvine/Library/CloudStorage/OneDrive-Personal/Projects/2023_data/skeena/photos/8800149/20230926_142254_road.JPG,20230926_142254_road.JPG,24
8800149,/Users/airvine/Library/CloudStorage/OneDrive-Personal/Projects/2023_data/skeena/photos/8800149/20230926_142257_barrel.JPG,20230926_142257_barrel.JPG,26
8800149,/Users/airvine/Library/CloudStorage/OneDrive-Personal/Projects/2023_data/skeena/photos/8800149/20230926_142307_upstream.JPG,20230926_142307_upstream.JPG,28
8800149,/Users/airvine/Library/CloudStorage/OneDrive-Personal/Projects/2023_data/skeena/photos/8800149/20230926_142311_inlet.JPG,20230926_142311_inlet.JPG,25
8800149,/Users/airvine/Library/CloudStorage/OneDrive-Personal/Projects/2023_data/skeena/photos/8800149/20230926_142314_outlet.JPG,20230926_142314_outlet.JPG,26
8800149,/Users/airvine/Library/CloudStorage/OneDrive-Personal/Projects/2023_data/skeena/photos/8800149/20230926_142319_downstream.JPG,20230926_142319_downstream.JPG,30
8800149,/Users/airvine/Library/CloudStorage/OneDrive-Personal/Projects/2023_data/skeena/photos/8800149/20230926_142351_condition.JPG,20230926_142351_condition.JPG,29
8800149,/Users/airvine/Library/CloudStorage/OneDrive-Personal/Projects/2023_data/skeena/photos/8800149/20230926_142356_paper_card.JPG,20230926_142356_paper_card.JPG,30
8800149,/Users/airvine/Library/CloudStorage/OneDrive-Personal/Projects/2023_data/skeena/photos/8800149/IMG_3042.JPG,IMG_3042.JPG,12
8801343,/Users/airvine/Library/CloudStorage/OneDrive-Personal/Projects/2023_data/skeena/photos/8801343/20230926_120138_road.JPG,20230926_120138_road.JPG,24
8801343,/Users/airvine/Library/CloudStorage/OneDrive-Personal/Projects/2023_data/skeena/photos/8801343/20230926_120226_barrel.JPG,20230926_120226_barrel.JPG,26
8801343,/Users/airvine/Library/CloudStorage/OneDrive-Personal/Projects/2023_data/skeena/photos/8801343/20230926_120236_upstream.JPG,20230926_120236_upstream.JPG,28
8801343,/Users/airvine/Library/CloudStorage/OneDrive-Personal/Projects/2023_data/skeena/photos/8801343/20230926_120244_inlet.JPG,20230926_120244_inlet.JPG,25
8801343,/Users/airvine/Library/CloudStorage/OneDrive-Personal/Projects/2023_data/skeena/photos/8801343/20230926_120253_outlet.JPG,20230926_120253_outlet.JPG,26
8801343,/Users/airvine/Library/CloudStorage/OneDrive-Personal/Projects/2023_data/skeena/photos/8801343/20230926_120256_downstream.JPG,20230926_120256_downstream.JPG,30
8801343,/Users/airvine/Library/CloudStorage/OneDrive-Personal/Projects/2023_data/skeena/photos/8801343/20230926_120259_condition.JPG,20230926_120259_condition.JPG,29
8801343,/Users/airvine/Library/CloudStorage/OneDrive-Personal/Projects/2023_data/skeena/photos/8801343/20230926_120307_erosion.JPG,20230926_120307_erosion.JPG,27
8801343,/Users/airvine/Library/CloudStorage/OneDrive-Personal/Projects/2023_data/skeena/photos/8801343/20230926_120333_paper_card.JPG,20230926_120333_paper_card.JPG,30
8801343,/Users/airvine/Library/CloudStorage/OneDrive-Personal/Projects/2023_data/skeena/photos/8801343/IMG_3010.JPG,IMG_3010.JPG,12
8801343,/Users/airvine/Library/CloudStorage/OneDrive-Personal/Projects/2023_data/skeena/photos/8801343/IMG_3011.JPG,IMG_3011.JPG,12
8801347,/Users/airvine/Library/CloudStorage/OneDrive-Personal/Projects/2023_data/skeena/photos/8801347/20230926_112434_road.JPG,20230926_112434_road.JPG,24
8801347,/Users/airvine/Library/CloudStorage/OneDrive-Personal/Projects/2023_data/skeena/photos/8801347/20230926_112437_barrel.JPG,20230926_112437_barrel.JPG,26
8801347,/Users/airvine/Library/CloudStorage/OneDrive-Personal/Projects/2023_data/skeena/photos/8801347/20230926_112446_upstream.JPG,20230926_112446_upstream.JPG,28
8801347,/Users/airvine/Library/CloudStorage/OneDrive-Personal/Projects/2023_data/skeena/photos/8801347/20230926_112455_inlet.JPG,20230926_112455_inlet.JPG,25
8801347,/Users/airvine/Library/CloudStorage/OneDrive-Personal/Projects/2023_data/skeena/photos/8801347/20230926_112501_outlet.JPG,20230926_112501_outlet.JPG,26
8801347,/Users/airvine/Library/CloudStorage/OneDrive-Personal/Projects/2023_data/skeena/photos/8801347/20230926_112505_downstream.JPG,20230926_112505_downstream.JPG,30
8801347,/Users/airvine/Library/CloudStorage/OneDrive-Personal/Projects/2023_data/skeena/photos/8801347/20230926_112512_blockage.JPG,20230926_112512_blockage.JPG,28
8801347,/Users/airvine/Library/CloudStorage/OneDrive-Personal/Projects/2023_data/skeena/photos/8801347/IMG_2999.JPG,IMG_2999.JPG,12
8801347,/Users/airvine/Library/CloudStorage/OneDrive-Personal/Projects/2023_data/skeena/photos/8801347/IMG_3001.JPG,IMG_3001.JPG,12
8801379,/Users/airvine/Library/CloudStorage/OneDrive-Personal/Projects/2023_data/skeena/photos/8801379/20230926_105952_paper_card.JPG,20230926_105952_paper_card.JPG,30
8801379,/Users/airvine/Library/CloudStorage/OneDrive-Personal/Projects/2023_data/skeena/photos/8801379/TimePhoto_20230926_102739_road.JPG,TimePhoto_20230926_102739_road.JPG,34
8801379,/Users/airvine/Library/CloudStorage/OneDrive-Personal/Projects/2023_data/skeena/photos/8801379/TimePhoto_20230926_103115_barrel.JPG,TimePhoto_20230926_103115_barrel.JPG,36
8801379,/Users/airvine/Library/CloudStorage/OneDrive-Personal/Projects/2023_data/skeena/photos/8801379/TimePhoto_20230926_103130.JPG,TimePhoto_20230926_103130.JPG,29
8801379,/Users/airvine/Library/CloudStorage/OneDrive-Personal/Projects/2023_data/skeena/photos/8801379/TimePhoto_20230926_103346.JPG,TimePhoto_20230926_103346.JPG,29
8801379,/Users/airvine/Library/CloudStorage/OneDrive-Personal/Projects/2023_data/skeena/photos/8801379/TimePhoto_20230926_103406_outlet.JPG,TimePhoto_20230926_103406_outlet.JPG,36
8801379,/Users/airvine/Library/CloudStorage/OneDrive-Personal/Projects/2023_data/skeena/photos/8801379/TimePhoto_20230926_104131_inlet.JPG,TimePhoto_20230926_104131_inlet.JPG,35
8801379,/Users/airvine/Library/CloudStorage/OneDrive-Personal/Projects/2023_data/skeena/photos/8801379/TimePhoto_20230926_104140_upstream.JPG,TimePhoto_20230926_104140_upstream.JPG,38
8801379,/Users/airvine/Library/CloudStorage/OneDrive-Personal/Projects/2023_data/skeena/photos/8801379/TimePhoto_20230926_110112_downstream.jpg,TimePhoto_20230926_110112_downstream.jpg,40
8801406,/Users/airvine/Library/CloudStorage/OneDrive-Personal/Projects/2023_data/skeena/photos/8801406/20230926_124435_road.JPG,20230926_124435_road.JPG,24
8801406,/Users/airvine/Library/CloudStorage/OneDrive-Personal/Projects/2023_data/skeena/photos/8801406/20230926_124441_barrel.JPG,20230926_124441_barrel.JPG,26
8801406,/Users/airvine/Library/CloudStorage/OneDrive-Personal/Projects/2023_data/skeena/photos/8801406/20230926_124446_upstream.JPG,20230926_124446_upstream.JPG,28
8801406,/Users/airvine/Library/CloudStorage/OneDrive-Personal/Projects/2023_data/skeena/photos/8801406/20230926_124453_inlet.JPG,20230926_124453_inlet.JPG,25
8801406,/Users/airvine/Library/CloudStorage/OneDrive-Personal/Projects/2023_data/skeena/photos/8801406/20230926_124456_outlet.JPG,20230926_124456_outlet.JPG,26
8801406,/Users/airvine/Library/CloudStorage/OneDrive-Personal/Projects/2023_data/skeena/photos/8801406/20230926_124501_downstream.JPG,20230926_124501_downstream.JPG,30
8801406,/Users/airvine/Library/CloudStorage/OneDrive-Personal/Projects/2023_data/skeena/photos/8801406/20230926_124507_paper_card.JPG,20230926_124507_paper_card.JPG,30
8801406,/Users/airvine/Library/CloudStorage/OneDrive-Personal/Projects/2023_data/skeena/photos/8801406/20230926_124623_embankment_fill.JPG,20230926_124623_embankment_fill.JPG,35
8801409,/Users/airvine/Library/CloudStorage/OneDrive-Personal/Projects/2023_data/skeena/photos/8801409/20230926_125118_paper_card.JPG,20230926_125118_paper_card.JPG,30
8801409,/Users/airvine/Library/CloudStorage/OneDrive-Personal/Projects/2023_data/skeena/photos/8801409/TimePhoto_20230926_122146_road.JPG,TimePhoto_20230926_122146_road.JPG,34
8801409,/Users/airvine/Library/CloudStorage/OneDrive-Personal/Projects/2023_data/skeena/photos/8801409/TimePhoto_20230926_122411.JPG,TimePhoto_20230926_122411.JPG,29
8801409,/Users/airvine/Library/CloudStorage/OneDrive-Personal/Projects/2023_data/skeena/photos/8801409/TimePhoto_20230926_123146_inlet.JPG,TimePhoto_20230926_123146_inlet.JPG,35
8801409,/Users/airvine/Library/CloudStorage/OneDrive-Personal/Projects/2023_data/skeena/photos/8801409/TimePhoto_20230926_123918_upstream.JPG,TimePhoto_20230926_123918_upstream.JPG,38
8801409,/Users/airvine/Library/CloudStorage/OneDrive-Personal/Projects/2023_data/skeena/photos/8801409/TimePhoto_20230926_124220.JPG,TimePhoto_20230926_124220.JPG,29
8801409,/Users/airvine/Library/CloudStorage/OneDrive-Personal/Projects/2023_data/skeena/photos/8801409/TimePhoto_20230926_124237_outlet.JPG,TimePhoto_20230926_124237_outlet.JPG,36
8801409,/Users/airvine/Library/CloudStorage/OneDrive-Personal/Projects/2023_data/skeena/photos/8801409/TimePhoto_20230926_124332_downstream.JPG,TimePhoto_20230926_124332_downstream.JPG,40
8801409,/Users/airvine/Library/CloudStorage/OneDrive-Personal/Projects/2023_data/skeena/photos/8801409/TimePhoto_20230926_124430.JPG,TimePhoto_20230926_124430.JPG,29
8801409,/Users/airvine/Library/CloudStorage/OneDrive-Personal/Projects/2023_data/skeena/photos/8801409/TimePhoto_20230926_125221.JPG,TimePhoto_20230926_125221.JPG,29
8801409,/Users/airvine/Library/CloudStorage/OneDrive-Personal/Projects/2023_data/skeena/photos/8801409/TimePhoto_20230926_125243_barrel.JPG,TimePhoto_20230926_125243_barrel.JPG,36
8801991,/Users/airvine/Library/CloudStorage/OneDrive-Personal/Projects/2023_data/skeena/photos/8801991/20230926_095342_road.JPG,20230926_095342_road.JPG,24
8801991,/Users/airvine/Library/CloudStorage/OneDrive-Personal/Projects/2023_data/skeena/photos/8801991/20230926_095344_barrel.JPG,20230926_095344_barrel.JPG,26
8801991,/Users/airvine/Library/CloudStorage/OneDrive-Personal/Projects/2023_data/skeena/photos/8801991/20230926_095347_upstream.JPG,20230926_095347_upstream.JPG,28
8801991,/Users/airvine/Library/CloudStorage/OneDrive-Personal/Projects/2023_data/skeena/photos/8801991/20230926_095351_inlet.JPG,20230926_095351_inlet.JPG,25
8801991,/Users/airvine/Library/CloudStorage/OneDrive-Personal/Projects/2023_data/skeena/photos/8801991/20230926_095354_outlet.JPG,20230926_095354_outlet.JPG,26
8801991,/Users/airvine/Library/CloudStorage/OneDrive-Personal/Projects/2023_data/skeena/photos/8801991/20230926_095356_downstream.JPG,20230926_095356_downstream.JPG,30
8801991,/Users/airvine/Library/CloudStorage/OneDrive-Personal/Projects/2023_data/skeena/photos/8801991/20230926_095401_paper_card.JPG,20230926_095401_paper_card.JPG,30
2023092701,/Users/airvine/Library/CloudStorage/OneDrive-Personal/Projects/2023_data/skeena/photos/2023092701/20230927_144416_paper_card.JPG,20230927_144416_paper_card.JPG,30
2023092701,/Users/airvine/Library/CloudStorage/OneDrive-Personal/Projects/2023_data/skeena/photos/2023092701/TimePhoto_20230927_143057_road.JPG,TimePhoto_20230927_143057_road.JPG,34
2023092701,/Users/airvine/Library/CloudStorage/OneDrive-Personal/Projects/2023_data/skeena/photos/2023092701/TimePhoto_20230927_143214_upstream.JPG,TimePhoto_20230927_143214_upstream.JPG,38
2023092701,/Users/airvine/Library/CloudStorage/OneDrive-Personal/Projects/2023_data/skeena/photos/2023092701/TimePhoto_20230927_143235_inlet.JPG,TimePhoto_20230927_143235_inlet.JPG,35
2023092701,/Users/airvine/Library/CloudStorage/OneDrive-Personal/Projects/2023_data/skeena/photos/2023092701/TimePhoto_20230927_143244_barrel.JPG,TimePhoto_20230927_143244_barrel.JPG,36
2023092701,/Users/airvine/Library/CloudStorage/OneDrive-Personal/Projects/2023_data/skeena/photos/2023092701/TimePhoto_20230927_143251.JPG,TimePhoto_20230927_143251.JPG,29
2023092701,/Users/airvine/Library/CloudStorage/OneDrive-Personal/Projects/2023_data/skeena/photos/2023092701/TimePhoto_20230927_143828_downstream.JPG,TimePhoto_20230927_143828_downstream.JPG,40
2023092701,/Users/airvine/Library/CloudStorage/OneDrive-Personal/Projects/2023_data/skeena/photos/2023092701/TimePhoto_20230927_143904_outlet.JPG,TimePhoto_20230927_143904_outlet.JPG,36
